id,title,country,author,image_url_sm,image_url_lg,feed_url,genres
201376301,Savage Lovecast,USA,Dan Savage,http://is1.mzstatic.com/image/thumb/Music62/v4/e7/c4/ad/e7c4adc4-617b-dbfc-1768-0104ce57478a/source/60x60bb.jpg,http://is1.mzstatic.com/image/thumb/Music62/v4/e7/c4/ad/e7c4adc4-617b-dbfc-1768-0104ce57478a/source/600x600bb.jpg,http://savagelove.libsyn.com/rss,Sexuality;Podcasts;Health;News & Politics;Comedy
82456189,Sex With Emily,USA,SexWithEmily.com,http://is1.mzstatic.com/image/thumb/Music3/v4/cf/64/3b/cf643b71-d2c0-c029-f3b9-14da8621e59f/source/60x60bb.jpg,http://is1.mzstatic.com/image/thumb/Music3/v4/cf/64/3b/cf643b71-d2c0-c029-f3b9-14da8621e59f/source/600x600bb.jpg,http://emilymorse.libsyn.com/rss,Sexuality;Podcasts;Health;Self-Help
740675898,Sleep With Me | Helps You Fall Asleep Via Silly Boring Bedtime Stories,USA,Bedtime Star Trek Storyteller- Dearest Scooter,http://is5.mzstatic.com/image/thumb/Music71/v4/f1/6a/eb/f16aebb2-b7b9-842b-7143-c9bed076fb48/source/60x60bb.jpg,http://is5.mzstatic.com/image/thumb/Music71/v4/f1/6a/eb/f16aebb2-b7b9-842b-7143-c9bed076fb48/source/600x600bb.jpg,http://sleepwithmepodcast.libsyn.com/rss,Alternative Health;Podcasts;Health;TV & Film;Comedy
124686671,PODRUNNER: Workout Music,USA,Steve Boyett,http://is3.mzstatic.com/image/thumb/Music71/v4/80/04/67/80046799-9403-757a-c9ea-b5321bb161dd/source/60x60bb.jpg,http://is3.mzstatic.com/image/thumb/Music71/v4/80/04/67/80046799-9403-757a-c9ea-b5321bb161dd/source/600x600bb.jpg,http://podrunner.wm.wizzard.tv/rss,Fitness & Nutrition;Podcasts;Health;Music
1021422295,The Sheepdog Project,USA,"Tim Kennedy, Mike Simpson",http://is1.mzstatic.com/image/thumb/Music122/v4/3b/18/1b/3b181bb3-36a5-3a4d-f185-990e0bc9212b/source/60x60bb.jpg,http://is1.mzstatic.com/image/thumb/Music122/v4/3b/18/1b/3b181bb3-36a5-3a4d-f185-990e0bc9212b/source/600x600bb.jpg,http://mindofthewarrior.libsyn.com/rss,Self-Help;Podcasts;Health;Government & Organizations;National;Sports & Recreation
1069757084,The Minimalists Podcast,USA,The Minimalists,http://is2.mzstatic.com/image/thumb/Music71/v4/4e/d0/16/4ed016ee-d1ef-33ac-bac3-a41043f8ef90/source/60x60bb.jpg,http://is2.mzstatic.com/image/thumb/Music71/v4/4e/d0/16/4ed016ee-d1ef-33ac-bac3-a41043f8ef90/source/600x600bb.jpg,http://theminimalists.libsyn.com/rss,Self-Help;Podcasts;Health;Society & Culture;Philosophy
596047499,The School of Greatness with Lewis Howes,USA,"Lewis Howes: Lifestyle Entrepreneur, Author, Former Pro Athlete",http://is1.mzstatic.com/image/thumb/Music71/v4/96/60/cc/9660ccec-04f3-69e3-ac03-c7a6a6c72d0d/source/60x60bb.jpg,http://is1.mzstatic.com/image/thumb/Music71/v4/96/60/cc/9660ccec-04f3-69e3-ac03-c7a6a6c72d0d/source/600x600bb.jpg,http://lewishowes.com/feed/podcast/,Self-Help;Podcasts;Health;Business;Careers;Sports & Recreation;Professional
969519520,Happier with Gretchen Rubin,USA,Gretchen Rubin / The Onward Project / Panoply,http://is5.mzstatic.com/image/thumb/Music111/v4/a8/66/59/a8665932-74ae-8f73-d8ab-eaee062b1d1e/source/60x60bb.jpg,http://is5.mzstatic.com/image/thumb/Music111/v4/a8/66/59/a8665932-74ae-8f73-d8ab-eaee062b1d1e/source/600x600bb.jpg,http://feeds.feedburner.com/HappierWithGretchenRubin,Self-Help;Podcasts;Health
289338154,The Nutrition Diva's Quick and Dirty Tips for Eating Well and Feeling Fabulous,USA,QuickAndDirtyTips.com,http://is2.mzstatic.com/image/thumb/Music18/v4/e0/31/15/e0311579-b0d4-a2d8-2afa-573da9fcdbae/source/60x60bb.jpg,http://is2.mzstatic.com/image/thumb/Music18/v4/e0/31/15/e0311579-b0d4-a2d8-2afa-573da9fcdbae/source/600x600bb.jpg,http://www.quickanddirtytips.com/xml/nutrition.xml,Fitness & Nutrition;Podcasts;Health;Education
204570355,Meditation Oasis,USA,Mary and Richard Maddux,http://is4.mzstatic.com/image/thumb/Music22/v4/8e/9b/a4/8e9ba4cf-959f-9cbf-2620-d3aeec576c20/source/60x60bb.jpg,http://is4.mzstatic.com/image/thumb/Music22/v4/8e/9b/a4/8e9ba4cf-959f-9cbf-2620-d3aeec576c20/source/600x600bb.jpg,http://meditationoasis.libsyn.com/rss,Self-Help;Podcasts;Health
79497140,YOGAmazing,USA,Chaz Rough,http://is2.mzstatic.com/image/thumb/Music71/v4/8d/69/77/8d697764-dfc1-b7fe-d2c8-19adf3f955cf/source/60x60bb.jpg,http://is2.mzstatic.com/image/thumb/Music71/v4/8d/69/77/8d697764-dfc1-b7fe-d2c8-19adf3f955cf/source/600x600bb.jpg,http://feeds.feedburner.com/yogamazing,Alternative Health;Podcasts;Health;Fitness & Nutrition;Self-Help;Sexuality
647826736,Good Life Project,USA,Jonathan Fields,http://is3.mzstatic.com/image/thumb/Music71/v4/e8/a9/70/e8a9705f-ed98-e3db-d87a-cbd98fa1c73d/source/60x60bb.jpg,http://is3.mzstatic.com/image/thumb/Music71/v4/e8/a9/70/e8a9705f-ed98-e3db-d87a-cbd98fa1c73d/source/600x600bb.jpg,http://www.goodlifeproject.com/feed/podcast/,Self-Help;Podcasts;Health;Business;Careers;Management & Marketing
259744514,20 min. Yoga Sessions from YogaDownload.com,USA,info@yogadownload.com,http://is5.mzstatic.com/image/thumb/Music/v4/cc/e3/42/cce342d5-9c46-38cc-e18b-acbfe61adf11/source/60x60bb.jpg,http://is5.mzstatic.com/image/thumb/Music/v4/cc/e3/42/cce342d5-9c46-38cc-e18b-acbfe61adf11/source/600x600bb.jpg,http://feeds.feedburner.com/yogadownload,Fitness & Nutrition;Podcasts;Health;Alternative Health
418368811,The Jillian Michaels Show,USA,Jillian Michaels,http://is2.mzstatic.com/image/thumb/Music62/v4/39/0f/78/390f789b-e32e-4c05-a5ff-7740b3b2e99c/source/60x60bb.jpg,http://is2.mzstatic.com/image/thumb/Music62/v4/39/0f/78/390f789b-e32e-4c05-a5ff-7740b3b2e99c/source/600x600bb.jpg,http://rss.art19.com/jillian-michaels,Fitness & Nutrition;Podcasts;Health;Self-Help;Sports & Recreation
470623173,TEDTalks Health,USA,TEDTalks,http://is1.mzstatic.com/image/thumb/Music6/v4/74/b4/57/74b45750-45d6-35f5-b70e-010353d8bd63/source/60x60bb.jpg,http://is1.mzstatic.com/image/thumb/Music6/v4/74/b4/57/74b45750-45d6-35f5-b70e-010353d8bd63/source/600x600bb.jpg,http://feeds.feedburner.com/iTunesPodcastTTHealth,Health;Podcasts;Science & Medicine
451295014,Bulletproof Radio,USA,Dave Asprey,http://is1.mzstatic.com/image/thumb/Music122/v4/3b/47/f8/3b47f8f6-b123-9cbc-3829-4480730e14d5/source/60x60bb.jpg,http://is1.mzstatic.com/image/thumb/Music122/v4/3b/47/f8/3b47f8f6-b123-9cbc-3829-4480730e14d5/source/600x600bb.jpg,http://bulletproofradio.libsyn.com/rss,Fitness & Nutrition;Podcasts;Health;Technology;Business;Gadgets
592284993,The Dr. Drew Podcast,USA,PodcastOne / Carolla Digital,http://is1.mzstatic.com/image/thumb/Music62/v4/2b/ff/64/2bff64fe-3513-5156-d1eb-8ec07b012dfe/source/60x60bb.jpg,http://is1.mzstatic.com/image/thumb/Music62/v4/2b/ff/64/2bff64fe-3513-5156-d1eb-8ec07b012dfe/source/600x600bb.jpg,http://feeds.feedburner.com/TheDrDrewPodcast,Sexuality;Podcasts;Health;Comedy;Science & Medicine
207251905,The Daily Boost: Best Daily Motivation | Life | Career | Goal Setting | Health | Law of Attraction | Network Marketing,USA,"Scott Smith, Speaker, Entrepreneur, Consultant, Lifestyle Design Freedom Junkie",http://is1.mzstatic.com/image/thumb/Music71/v4/62/99/f4/6299f4ca-7402-06dd-ed32-b0bbf4765cfe/source/60x60bb.jpg,http://is1.mzstatic.com/image/thumb/Music71/v4/62/99/f4/6299f4ca-7402-06dd-ed32-b0bbf4765cfe/source/600x600bb.jpg,http://dailyboost.motivationtomove.com/rss,Self-Help;Podcasts;Health;Business;Careers
427377900,Mental Illness Happy Hour,USA,Paul Gilmartin,http://is3.mzstatic.com/image/thumb/Music62/v4/34/df/3b/34df3b2c-d8a7-5084-3df6-8d228481b726/source/60x60bb.jpg,http://is3.mzstatic.com/image/thumb/Music62/v4/34/df/3b/34df3b2c-d8a7-5084-3df6-8d228481b726/source/600x600bb.jpg,http://mentalpod.libsyn.com/rss,Self-Help;Podcasts;Health;Society & Culture;Personal Journals;Religion & Spirituality;Spirituality
595892633,The Heart,USA,Kaitlin Prest,http://is5.mzstatic.com/image/thumb/Music19/v4/bb/7b/b7/bb7bb759-859c-136c-d1e9-26d7c1a4139a/source/60x60bb.jpg,http://is5.mzstatic.com/image/thumb/Music19/v4/bb/7b/b7/bb7bb759-859c-136c-d1e9-26d7c1a4139a/source/600x600bb.jpg,http://feeds.theheartradio.org/TheHeartRadio,Sexuality;Podcasts;Health
283908977,"Ben Greenfield Fitness: Diet, Fat Loss and Performance",USA,"Ben Greenfield: Fat Loss, Muscle Gain, Performance and Nutrition Coach",http://is4.mzstatic.com/image/thumb/Music71/v4/2a/83/e5/2a83e56a-add2-811e-6d48-c9f5caeb8ff1/source/60x60bb.jpg,http://is4.mzstatic.com/image/thumb/Music71/v4/2a/83/e5/2a83e56a-add2-811e-6d48-c9f5caeb8ff1/source/600x600bb.jpg,http://bengreenfieldfitness.libsyn.com/rss,Fitness & Nutrition;Podcasts;Health;Alternative Health
200323953,The Meditation Podcast,USA,Jesse and Jeane Stern,http://is4.mzstatic.com/image/thumb/Music62/v4/e9/ea/a3/e9eaa357-f0c0-614b-3e7f-8573ee739d67/source/60x60bb.jpg,http://is4.mzstatic.com/image/thumb/Music62/v4/e9/ea/a3/e9eaa357-f0c0-614b-3e7f-8573ee739d67/source/600x600bb.jpg,http://themeditationpodcast.com/tmp.xml,Alternative Health;Podcasts;Health;Religion & Spirituality;Self-Help;Spirituality;Other
268557178,Get-It-Done Guy's Quick and Dirty Tips to Work Less and Do More,USA,QuickAndDirtyTips.com,http://is4.mzstatic.com/image/thumb/Music62/v4/88/d4/b9/88d4b907-6349-5c15-b523-9032ea3222b7/source/60x60bb.jpg,http://is4.mzstatic.com/image/thumb/Music62/v4/88/d4/b9/88d4b907-6349-5c15-b523-9032ea3222b7/source/600x600bb.jpg,http://www.quickanddirtytips.com/xml/getitdone.xml,Self-Help;Podcasts;Health;Business;Careers;Management & Marketing
1067688314,Optimal Living Daily: Personal Development | Productivity | Minimalism | Growth,USA,"Justin Malik Narrates Blogs to Spoken Edition on Self Help, Improvement, & Lifestyle Design for Motivation & Inspiration",http://is5.mzstatic.com/image/thumb/Music19/v4/09/eb/f9/09ebf9e6-5caf-3312-8485-e1430249cdc9/source/60x60bb.jpg,http://is5.mzstatic.com/image/thumb/Music19/v4/09/eb/f9/09ebf9e6-5caf-3312-8485-e1430249cdc9/source/600x600bb.jpg,http://optimallivingdaily.libsyn.com/rss,Alternative Health;Podcasts;Health;Religion & Spirituality;Business;Careers;Spirituality
455065811,Sex Nerd Sandra,USA,Nerdist Industries,http://is2.mzstatic.com/image/thumb/Music62/v4/3e/51/ed/3e51edeb-cc69-31e0-f4ed-324d606a3eec/source/60x60bb.jpg,http://is2.mzstatic.com/image/thumb/Music62/v4/3e/51/ed/3e51edeb-cc69-31e0-f4ed-324d606a3eec/source/600x600bb.jpg,http://rss.art19.com/sex-nerd-sandra.xml,Sexuality;Podcasts;Health
911042029,The Chalene Show | Motivation | Leadership | Confidence | Family | Fitness and Life coaching with Chalene Johnson,USA,Chalene Johnson,http://is1.mzstatic.com/image/thumb/Music5/v4/a0/21/3e/a0213e85-6aba-6f23-abca-cf8c9dd7a8dd/source/60x60bb.jpg,http://is1.mzstatic.com/image/thumb/Music5/v4/a0/21/3e/a0213e85-6aba-6f23-abca-cf8c9dd7a8dd/source/600x600bb.jpg,http://turbochargedlife.libsyn.com/rss,Health;Podcasts;Business;Education
1087147821,10% Happier with Dan Harris,USA,ABC News,http://is2.mzstatic.com/image/thumb/Music71/v4/96/91/f7/9691f72f-5bfe-37f4-6cab-4b3929d72d3c/source/60x60bb.jpg,http://is2.mzstatic.com/image/thumb/Music71/v4/96/91/f7/9691f72f-5bfe-37f4-6cab-4b3929d72d3c/source/600x600bb.jpg,http://feeds.feedburner.com/abcradio/10percenthappier,Health;Podcasts
501575043,"The Fat-Burning Man Show by Abel James. Paleo Nutrition, Ancestral Health & Primal Fitness",USA,"Abel James, FatBurningMan.com",http://is3.mzstatic.com/image/thumb/Music62/v4/42/ee/56/42ee5641-b0af-b685-5077-9f6adf9d5ca0/source/60x60bb.jpg,http://is3.mzstatic.com/image/thumb/Music62/v4/42/ee/56/42ee5641-b0af-b685-5077-9f6adf9d5ca0/source/600x600bb.jpg,http://fatburningman.com/feed/podcast/,Fitness & Nutrition;Podcasts;Health;Alternative Health
123885923,Meditation Station by Stin Hansen,USA,Stin Hansen,http://is2.mzstatic.com/image/thumb/Music111/v4/19/8b/02/198b02ff-9ee2-2017-652a-243e0067f5b8/source/60x60bb.jpg,http://is2.mzstatic.com/image/thumb/Music111/v4/19/8b/02/198b02ff-9ee2-2017-652a-243e0067f5b8/source/600x600bb.jpg,http://fitmindbody.hipcast.com/rss/creation_station.xml,Alternative Health;Podcasts;Health;Self-Help
582272991,The Rich Roll Podcast,USA,"Unleash Your Best Self | Rich Roll | Bestselling Author, Ultra-Endurance Athlete & Wellness Evangelist",http://is3.mzstatic.com/image/thumb/Music71/v4/5f/2f/81/5f2f81ed-05d2-d79d-c4ae-1190d154776a/source/60x60bb.jpg,http://is3.mzstatic.com/image/thumb/Music71/v4/5f/2f/81/5f2f81ed-05d2-d79d-c4ae-1190d154776a/source/600x600bb.jpg,http://www.richroll.com/feed/podcast/,Fitness & Nutrition;Podcasts;Health;Alternative Health
197308794,Learn To Meditate - Meditation Podcast,USA,Meditation Society of Australia,http://is3.mzstatic.com/image/thumb/Music/v4/99/c3/75/99c375e9-bf63-a5bd-924e-291429b5a01c/source/60x60bb.jpg,http://is3.mzstatic.com/image/thumb/Music/v4/99/c3/75/99c375e9-bf63-a5bd-924e-291429b5a01c/source/600x600bb.jpg,http://freemeditate.org/learnToMeditate.xml,Alternative Health;Podcasts;Health;Religion & Spirituality;Spirituality
818198322,FoundMyFitness,USA,"Rhonda Patrick, Ph.D.",http://is3.mzstatic.com/image/thumb/Music62/v4/a3/24/2f/a3242fa3-8f6c-a326-36a8-1fd519c4b07e/source/60x60bb.jpg,http://is3.mzstatic.com/image/thumb/Music62/v4/a3/24/2f/a3242fa3-8f6c-a326-36a8-1fd519c4b07e/source/600x600bb.jpg,http://podcast.foundmyfitness.com/rss.xml,Fitness & Nutrition;Podcasts;Health;Science & Medicine;Sports & Recreation;Medicine
509969439,"Barbell Shrugged - Talking Training w/ CrossFit Games Athletes, Strength Coaches & More",USA,Barbell Shrugged,http://is1.mzstatic.com/image/thumb/Music62/v4/23/5d/57/235d575f-ae8b-cb12-e2eb-4fe88983066f/source/60x60bb.jpg,http://is1.mzstatic.com/image/thumb/Music62/v4/23/5d/57/235d575f-ae8b-cb12-e2eb-4fe88983066f/source/600x600bb.jpg,http://barbellshrugged.libsyn.com/rss,Fitness & Nutrition;Podcasts;Health;Sports & Recreation;Alternative Health
184671782,Sex is Fun,USA,www.SexisFun.net,http://is1.mzstatic.com/image/thumb/Music3/v4/1f/e2/ff/1fe2ff9a-a459-4c2f-4bd8-31ac45e71b54/source/60x60bb.jpg,http://is1.mzstatic.com/image/thumb/Music3/v4/1f/e2/ff/1fe2ff9a-a459-4c2f-4bd8-31ac45e71b54/source/600x600bb.jpg,http://feeds.feedburner.com/GSGPodcasts,Sexuality;Podcasts;Health;Games & Hobbies;Other Games
340221970,"Robb Wolf - The Paleo Solution Podcast - Paleo diet, nutrition, fitness, and health",USA,Robb Wolf,http://is4.mzstatic.com/image/thumb/Music62/v4/bc/7b/77/bc7b7748-4bf0-5bde-82cf-ffc7552cb484/source/60x60bb.jpg,http://is4.mzstatic.com/image/thumb/Music62/v4/bc/7b/77/bc7b7748-4bf0-5bde-82cf-ffc7552cb484/source/600x600bb.jpg,http://robbwolf.libsyn.com/rss,Fitness & Nutrition;Podcasts;Health
626299586,Total Human Optimization,USA,Onnit,http://is3.mzstatic.com/image/thumb/Music111/v4/88/0c/ed/880cedc8-3130-db08-cf1a-b99a3507b784/source/60x60bb.jpg,http://is3.mzstatic.com/image/thumb/Music111/v4/88/0c/ed/880cedc8-3130-db08-cf1a-b99a3507b784/source/600x600bb.jpg,http://onnit.libsyn.com/rss,Fitness & Nutrition;Podcasts;Health
272591768,PODRUNNER: INTERVALS -- Workout music for tempo-based exercise,USA,DJ Steve Boyett,http://is2.mzstatic.com/image/thumb/Music71/v4/aa/ef/a4/aaefa420-dd6d-2650-6d78-8e6d65b8d7f4/source/60x60bb.jpg,http://is2.mzstatic.com/image/thumb/Music71/v4/aa/ef/a4/aaefa420-dd6d-2650-6d78-8e6d65b8d7f4/source/600x600bb.jpg,http://www.djsteveboy.com/audio/intervals.xml,Fitness & Nutrition;Podcasts;Health
437474360,Happiness Podcast,USA,Dr. Robert Puff,http://is2.mzstatic.com/image/thumb/Music62/v4/b8/a5/77/b8a57721-e6cb-c250-a9fe-ad4cd4a68d05/source/60x60bb.jpg,http://is2.mzstatic.com/image/thumb/Music62/v4/b8/a5/77/b8a57721-e6cb-c250-a9fe-ad4cd4a68d05/source/600x600bb.jpg,http://www.happinesspodcast.org/?feed=podcast,Self-Help;Podcasts;Health;Alternative Health
371750376,Get-Fit Guy's Quick and Dirty Tips to Slim Down and Shape Up,USA,QuickAndDirtyTips.com,http://is3.mzstatic.com/image/thumb/Music62/v4/2b/b5/7c/2bb57cba-def6-f2d9-616a-f7710b3655e2/source/60x60bb.jpg,http://is3.mzstatic.com/image/thumb/Music62/v4/2b/b5/7c/2bb57cba-def6-f2d9-616a-f7710b3655e2/source/600x600bb.jpg,http://www.quickanddirtytips.com/xml/getfitguy.xml,Fitness & Nutrition;Podcasts;Health
290760262,Yoga Today,USA,Yoga Today,http://is4.mzstatic.com/image/thumb/Music/v4/b1/92/4d/b1924d08-f9d5-dc49-f48f-44e07d8e1df1/source/60x60bb.jpg,http://is4.mzstatic.com/image/thumb/Music/v4/b1/92/4d/b1924d08-f9d5-dc49-f48f-44e07d8e1df1/source/600x600bb.jpg,http://feeds.feedburner.com/YogaToday/ipod,Fitness & Nutrition;Podcasts;Health;Society & Culture
640246578,The Model Health Show: Nutrition | Exercise | Fitness | Health | Lifestyle,USA,"Shawn Stevenson: Author, Nutritionist, Expert, Coach, TheSSmodel.com",http://is5.mzstatic.com/image/thumb/Music62/v4/9e/e9/4e/9ee94e28-983d-d402-1297-b879bb2427ff/source/60x60bb.jpg,http://is5.mzstatic.com/image/thumb/Music62/v4/9e/e9/4e/9ee94e28-983d-d402-1297-b879bb2427ff/source/600x600bb.jpg,http://themodelhealthshow.libsyn.com/rss,Fitness & Nutrition;Podcasts;Health;Self-Help;Alternative Health
300391393,Motion Traxx: Upbeat Workout Music for Running and General Exercise,USA,Deekron 'The Fitness DJ',http://is4.mzstatic.com/image/thumb/Music62/v4/93/cf/cf/93cfcf1d-2731-f8d1-5975-bf22fd13a05a/source/60x60bb.jpg,http://is4.mzstatic.com/image/thumb/Music62/v4/93/cf/cf/93cfcf1d-2731-f8d1-5975-bf22fd13a05a/source/600x600bb.jpg,http://music.motiontraxx.com/episodes/motiontraxx.xml,Fitness & Nutrition;Podcasts;Health
251545184,Personal Growth Podcast,USA,LearnOutLoud.com,http://is5.mzstatic.com/image/thumb/Music6/v4/dc/c5/e3/dcc5e341-8a65-053c-e89d-e110f0bf80cf/source/60x60bb.jpg,http://is5.mzstatic.com/image/thumb/Music6/v4/dc/c5/e3/dcc5e341-8a65-053c-e89d-e110f0bf80cf/source/600x600bb.jpg,http://feeds.feedburner.com/PersonalGrowthPodcast,Self-Help;Podcasts;Health
821746377,The Charged Life with Brendon Burchard,USA,Brendon Burchard,http://is1.mzstatic.com/image/thumb/Music71/v4/ac/a8/37/aca83792-3661-9e43-12a5-0db9ff1c5122/source/60x60bb.jpg,http://is1.mzstatic.com/image/thumb/Music71/v4/ac/a8/37/aca83792-3661-9e43-12a5-0db9ff1c5122/source/600x600bb.jpg,http://brendonburchard.libsyn.com/rss,Self-Help;Podcasts;Health;Society & Culture;Business
256715878,MorningCoach.com: Personal Development | Lifestyle Design,USA,JB Glossinger,http://is3.mzstatic.com/image/thumb/Music71/v4/9c/05/d5/9c05d536-1098-323e-2de1-148440c94eb2/source/60x60bb.jpg,http://is3.mzstatic.com/image/thumb/Music71/v4/9c/05/d5/9c05d536-1098-323e-2de1-148440c94eb2/source/600x600bb.jpg,http://jbglossinger.morningcoach.libsynpro.com/rss,Self-Help;Podcasts;Health
844102142,The Secret To Success with CJ & Eric Thomas | Inspiration | Personal Development | Success,USA,"Eric Thomas Ph.D., Author, Motivational Speaker, Success Coach, Entrepreneur,",http://is3.mzstatic.com/image/thumb/Music62/v4/aa/53/da/aa53da21-0314-8ea9-2d95-de4055ebb959/source/60x60bb.jpg,http://is3.mzstatic.com/image/thumb/Music62/v4/aa/53/da/aa53da21-0314-8ea9-2d95-de4055ebb959/source/600x600bb.jpg,http://secrettosuccess.libsyn.com/rss,Self-Help;Podcasts;Health;Education
205275027,Law of Attraction Tips,USA,The Law of Attraction Centre and Karen Luniw,http://is4.mzstatic.com/image/thumb/Music71/v4/72/db/1a/72db1a3a-0990-b774-0a63-fc46abb39c72/source/60x60bb.jpg,http://is4.mzstatic.com/image/thumb/Music71/v4/72/db/1a/72db1a3a-0990-b774-0a63-fc46abb39c72/source/600x600bb.jpg,http://lawofattraction.wm.wizzard.tv/rss,Self-Help;Podcasts;Health;Business
206222584,My Thought Coach,USA,Stin,http://is1.mzstatic.com/image/thumb/Music71/v4/73/3c/ed/733cedef-39d6-8525-58d7-848416c16d15/source/60x60bb.jpg,http://is1.mzstatic.com/image/thumb/Music71/v4/73/3c/ed/733cedef-39d6-8525-58d7-848416c16d15/source/600x600bb.jpg,http://fitmindbody.hipcast.com/rss/mythoughtcoach.xml,Alternative Health;Podcasts;Health;Self-Help;Science & Medicine;Natural Sciences
886538772,The Healthy Moms Podcast,USA,Katie Wells - Wellness Mama,http://is3.mzstatic.com/image/thumb/Music71/v4/00/02/fa/0002fa39-07f5-bce6-eef8-3b3bc8a0cf97/source/60x60bb.jpg,http://is3.mzstatic.com/image/thumb/Music71/v4/00/02/fa/0002fa39-07f5-bce6-eef8-3b3bc8a0cf97/source/600x600bb.jpg,https://my.wellnessmama.com/podcast/feed/,Alternative Health;Podcasts;Health;Kids & Family;Fitness & Nutrition
463196186,Kiss Me Quick's Erotica: Sexy Stories with Rose Caraway,USA,Rose Caraway,http://is2.mzstatic.com/image/thumb/Music122/v4/78/29/ee/7829eeca-b0de-eda1-1bad-9c8cdc4ba8f7/source/60x60bb.jpg,http://is2.mzstatic.com/image/thumb/Music122/v4/78/29/ee/7829eeca-b0de-eda1-1bad-9c8cdc4ba8f7/source/600x600bb.jpg,http://kisstherose.libsyn.com/rss,Sexuality;Podcasts;Health;Arts;Performing Arts;Literature
1166358007,Matt and Doree's Eggcellent Adventure,USA,Matt Mira and Doree Shafrir,http://is5.mzstatic.com/image/thumb/Music71/v4/1c/bb/a5/1cbba54f-107a-6d1a-d777-6a7a9c0a464b/source/60x60bb.jpg,http://is5.mzstatic.com/image/thumb/Music71/v4/1c/bb/a5/1cbba54f-107a-6d1a-d777-6a7a9c0a464b/source/600x600bb.jpg,https://rss.art19.com/matt-and-dorees-eggcellent-adventure,Alternative Health;Podcasts;Health;Comedy;Kids & Family
455078215,Team Beachbody Coach Podcast,USA,Beachbody,http://is4.mzstatic.com/image/thumb/Music/v4/63/90/dd/6390ddea-4499-de2b-f6f4-be7dc6480eaa/source/60x60bb.jpg,http://is4.mzstatic.com/image/thumb/Music/v4/63/90/dd/6390ddea-4499-de2b-f6f4-be7dc6480eaa/source/600x600bb.jpg,http://images.beachbody.com/podcasts/beachbodycoach.xml,Fitness & Nutrition;Podcasts;Health;Alternative Health;Self-Help
324601605,The Livin' La Vida Low-Carb Show With Jimmy Moore,USA,JImmy Moore,http://is2.mzstatic.com/image/thumb/Music62/v4/76/62/d9/7662d94e-fc9b-defe-da60-7860b10c151a/source/60x60bb.jpg,http://is2.mzstatic.com/image/thumb/Music62/v4/76/62/d9/7662d94e-fc9b-defe-da60-7860b10c151a/source/600x600bb.jpg,http://llvlcshow.libsyn.com/rss,Fitness & Nutrition;Podcasts;Health;Alternative Health;Self-Help
343953354,"WorkoutMusic.com : Pumpin cardio, exercise, fitness and workout music",USA,Power Music Workout,http://is2.mzstatic.com/image/thumb/Music/v4/88/ba/94/88ba942f-2865-2f18-3d0b-886249ad6852/source/60x60bb.jpg,http://is2.mzstatic.com/image/thumb/Music/v4/88/ba/94/88ba942f-2865-2f18-3d0b-886249ad6852/source/600x600bb.jpg,http://www.audiblyfit.com/podcasts/WorkoutMusic.xml,Fitness & Nutrition;Podcasts;Health
521945322,Aubrey Marcus Podcast,USA,"Motivation, Mindset, Mastery w/ Aubrey Marcus",http://is3.mzstatic.com/image/thumb/Music111/v4/7c/16/a3/7c16a33c-e3a9-3d1c-5ae5-21ed1e8bd159/source/60x60bb.jpg,http://is3.mzstatic.com/image/thumb/Music111/v4/7c/16/a3/7c16a33c-e3a9-3d1c-5ae5-21ed1e8bd159/source/600x600bb.jpg,http://warriorpoet.libsyn.com/rss,Self-Help;Podcasts;Health
147907532,Food for Thought: The Joys and Benefits of Living Vegan,USA,"Colleen Patrick-Goudreau, Author & Speaker",http://is4.mzstatic.com/image/thumb/Music71/v4/88/5d/62/885d6254-b76a-81c3-f0a2-d67d36ac9191/source/60x60bb.jpg,http://is4.mzstatic.com/image/thumb/Music71/v4/88/5d/62/885d6254-b76a-81c3-f0a2-d67d36ac9191/source/600x600bb.jpg,http://compassionatecooks.libsyn.com/rss,Fitness & Nutrition;Podcasts;Health;Society & Culture
955266444,Hay House Meditations,USA,Hay House,http://is1.mzstatic.com/image/thumb/Music71/v4/7d/4d/97/7d4d9769-eaf9-8d65-d9de-0156fb972885/source/60x60bb.jpg,http://is1.mzstatic.com/image/thumb/Music71/v4/7d/4d/97/7d4d9769-eaf9-8d65-d9de-0156fb972885/source/600x600bb.jpg,http://hhmeds.hayhouse.libsynpro.com/rss,Alternative Health;Podcasts;Health;Religion & Spirituality
1203614278,"Run, Selfie, Repeat",USA,Kelly Roberts,http://is3.mzstatic.com/image/thumb/Music122/v4/0e/81/64/0e81644f-80f6-ed8f-1055-bf67a2dcaa61/source/60x60bb.jpg,http://is3.mzstatic.com/image/thumb/Music122/v4/0e/81/64/0e81644f-80f6-ed8f-1055-bf67a2dcaa61/source/600x600bb.jpg,http://runselfierepeat.squarespace.com/run-selfie-repeat-podcast?format=rss,Fitness & Nutrition;Podcasts;Health;Self-Help;Sports & Recreation
892107837,Daily Meditation Podcast,USA,Mary Meckley: Meditation Coach l Sleep Better l Reduce Stress + Anxiety,http://is4.mzstatic.com/image/thumb/Music62/v4/0b/0b/2b/0b0b2b88-7258-b748-4eed-7b64002d1597/source/60x60bb.jpg,http://is4.mzstatic.com/image/thumb/Music62/v4/0b/0b/2b/0b0b2b88-7258-b748-4eed-7b64002d1597/source/600x600bb.jpg,http://thedailymeditationpodcast.libsyn.com/rss,Alternative Health;Podcasts;Health;Self-Help
792555885,The One You Feed,USA,Eric Zimmer,http://is2.mzstatic.com/image/thumb/Music62/v4/e6/4b/f6/e64bf663-8650-da0b-ba79-62fa97954d16/source/60x60bb.jpg,http://is2.mzstatic.com/image/thumb/Music62/v4/e6/4b/f6/e64bf663-8650-da0b-ba79-62fa97954d16/source/600x600bb.jpg,http://oneyoufeed.libsyn.com/rss,Self-Help;Podcasts;Health;Religion & Spirituality;Other;Society & Culture;Philosophy
119944293,Theatre of the Mind,USA,Kelly Howell of Brain Sync,http://is5.mzstatic.com/image/thumb/Music62/v4/ef/cf/fa/efcffaa0-019b-309a-54f2-d43b01186e7f/source/60x60bb.jpg,http://is5.mzstatic.com/image/thumb/Music62/v4/ef/cf/fa/efcffaa0-019b-309a-54f2-d43b01186e7f/source/600x600bb.jpg,http://kellyhowell.libsyn.com/rss,Self-Help;Podcasts;Health;Religion & Spirituality;Spirituality
181891173,Elsie's Yoga Class l Inspiration l Alignment l Connection,USA,Elsie Escobar,http://is1.mzstatic.com/image/thumb/Music62/v4/74/0e/7e/740e7e2d-d8d3-31ba-d05a-5502be65b5f8/source/60x60bb.jpg,http://is1.mzstatic.com/image/thumb/Music62/v4/74/0e/7e/740e7e2d-d8d3-31ba-d05a-5502be65b5f8/source/600x600bb.jpg,http://scy.libsyn.com/rss,Alternative Health;Podcasts;Health;Society & Culture;Philosophy
461802297,Balanced Bites: Modern paleo living with Diane Sanfilippo & Liz Wolfe.,USA,Diane Sanfilippo and Liz Wolfe,http://is2.mzstatic.com/image/thumb/Music71/v4/63/e4/8e/63e48eb5-de8f-4bac-e015-4c253e975be8/source/60x60bb.jpg,http://is2.mzstatic.com/image/thumb/Music71/v4/63/e4/8e/63e48eb5-de8f-4bac-e015-4c253e975be8/source/600x600bb.jpg,http://balancedbites.libsyn.com/rss,Fitness & Nutrition;Podcasts;Health
648755583,Operation Self Reset | Self Help 101 | Confidence | Self Esteem | Motivation | Inspiration | Goal Setting| Success Factors,USA,"Jake Nawrocki; Corporate Speaker, Author, Professional Firefighter, Inventor, Real Estate owner, husband, and father of 3 young boys!",http://is5.mzstatic.com/image/thumb/Music122/v4/45/6e/38/456e3882-893e-48b8-cad4-47431b1f534a/source/60x60bb.jpg,http://is5.mzstatic.com/image/thumb/Music122/v4/45/6e/38/456e3882-893e-48b8-cad4-47431b1f534a/source/600x600bb.jpg,http://www.operationselfreset.com/feed/podcast/,Self-Help;Podcasts;Health;Business;Society & Culture;Philosophy
219044787,"Expanded Lovemaking: Sex, Love, and Consciousness",USA,Dr. Patti Taylor,http://is3.mzstatic.com/image/thumb/Music/v4/03/a9/a6/03a9a6a0-02d8-6336-87c9-483e84ed45ab/source/60x60bb.jpg,http://is3.mzstatic.com/image/thumb/Music/v4/03/a9/a6/03a9a6a0-02d8-6336-87c9-483e84ed45ab/source/600x600bb.jpg,http://podcasts.personallifemedia.com/podcasts/230-expanded-lovemaking/feedburner.rss,Sexuality;Podcasts;Health
1197131564,Bucci Radio,USA,Amanda Bucci,http://is3.mzstatic.com/image/thumb/Music122/v4/b9/95/8a/b9958a9d-6c12-63d8-1d0c-813b69dfa68d/source/60x60bb.jpg,http://is3.mzstatic.com/image/thumb/Music122/v4/b9/95/8a/b9958a9d-6c12-63d8-1d0c-813b69dfa68d/source/600x600bb.jpg,http://feeds.soundcloud.com/users/soundcloud:users:262526127/sounds.rss,Health;Podcasts
215450224,Sex - Tantra and Kama Sutra: Bringing You the Soul of Sex,USA,Francesca Gentille,http://is4.mzstatic.com/image/thumb/Music/v4/c8/66/ea/c866ea9e-bab6-4624-66dd-bb970c19019a/source/60x60bb.jpg,http://is4.mzstatic.com/image/thumb/Music/v4/c8/66/ea/c866ea9e-bab6-4624-66dd-bb970c19019a/source/600x600bb.jpg,http://podcasts.personallifemedia.com/podcasts/225-sex-tantra-and-kama-sutra/feedburner.rss,Sexuality;Podcasts;Health
476196931,No Meat Athlete Radio,USA,"Matt Frazier talking vegan fitness with Rich Roll, Colleen Patrick-Goudreau, Leo Babauta, Jeff Sanders, Chef AJ, Brendan Brazier, Mike Arnstein, Sid Garza-Hillman, Robert Cheeke, plus more vegan & vegetarian nutrition, fitness, running, and ultra running",http://is3.mzstatic.com/image/thumb/Music71/v4/3b/31/8b/3b318b7a-a8bc-379e-6079-da61f6ccfc34/source/60x60bb.jpg,http://is3.mzstatic.com/image/thumb/Music71/v4/3b/31/8b/3b318b7a-a8bc-379e-6079-da61f6ccfc34/source/600x600bb.jpg,http://nomeatathleteradio.libsyn.com/rss,Fitness & Nutrition;Podcasts;Health;Alternative Health;Sports & Recreation;Outdoor
270419729,"The New Man - Advice for Men on Relationships, Dating, Fitness, Career and Sex",USA,"Tripp Lanier: Coach to Entrepreneurs, Executives, Founders, and Startups",http://is2.mzstatic.com/image/thumb/Music62/v4/30/fc/33/30fc33b0-7fa6-ca2c-dcf0-13f6aedb6311/source/60x60bb.jpg,http://is2.mzstatic.com/image/thumb/Music62/v4/30/fc/33/30fc33b0-7fa6-ca2c-dcf0-13f6aedb6311/source/600x600bb.jpg,http://feeds.feedburner.com/TheNewMan,Self-Help;Podcasts;Health;Business;Careers
372257397,Revolution Health Radio,USA,Chris Kresser,http://is3.mzstatic.com/image/thumb/Music71/v4/7f/0e/86/7f0e860b-a2f5-6a89-99e7-7e2ba8f7efe0/source/60x60bb.jpg,http://is3.mzstatic.com/image/thumb/Music71/v4/7f/0e/86/7f0e860b-a2f5-6a89-99e7-7e2ba8f7efe0/source/600x600bb.jpg,http://chriskresser.com/feed/podcast,Alternative Health;Podcasts;Health
521811037,Fitness Confidential with Vinnie Tortorich,USA,Vinnie Tortorich,http://is2.mzstatic.com/image/thumb/Music62/v4/a1/83/61/a183613a-2221-110f-0a45-0b5eb952b3c4/source/60x60bb.jpg,http://is2.mzstatic.com/image/thumb/Music62/v4/a1/83/61/a183613a-2221-110f-0a45-0b5eb952b3c4/source/600x600bb.jpg,http://angriesttrainer.libsyn.com/rss,Fitness & Nutrition;Podcasts;Health
954100822,Mind Pump: Raw Fitness Truth,USA,"Sal Di Stefano, Adam Schafer, Justin Andrews, Doug Egge",http://is4.mzstatic.com/image/thumb/Music71/v4/db/3a/2e/db3a2e85-cce8-179c-99ca-428e58f452b5/source/60x60bb.jpg,http://is4.mzstatic.com/image/thumb/Music71/v4/db/3a/2e/db3a2e85-cce8-179c-99ca-428e58f452b5/source/600x600bb.jpg,http://artizen.audello.com/podcast/1/,Fitness & Nutrition;Podcasts;Health;News & Politics;Comedy
184544517,Happiness Through Self Awareness,USA,Gary van Warmerdam,http://is3.mzstatic.com/image/thumb/Music71/v4/45/f1/23/45f12338-ebe2-c1af-fac6-fb7ba96f0772/source/60x60bb.jpg,http://is3.mzstatic.com/image/thumb/Music71/v4/45/f1/23/45f12338-ebe2-c1af-fac6-fb7ba96f0772/source/600x600bb.jpg,http://feeds.feedburner.com/PathwayToHappiness,Self-Help;Podcasts;Health
840534227,"Relationships, Sex, Dating and Marriage Advice - I Do Podcast",USA,"Relationship advice to help find lasting love, improve your relationship and marriage and fun ways to keep the spark alive with hosts Chase and Sarah.",http://is1.mzstatic.com/image/thumb/Music71/v4/60/0c/3f/600c3fed-c99d-55d7-3926-34e1b16b7d24/source/60x60bb.jpg,http://is1.mzstatic.com/image/thumb/Music71/v4/60/0c/3f/600c3fed-c99d-55d7-3926-34e1b16b7d24/source/600x600bb.jpg,http://idopodcast.libsyn.com/rss,Sexuality;Podcasts;Health;Kids & Family;Self-Help
599457730,Pirate Life Radio with Tait Fletcher,USA,Tait Fletcher,http://is4.mzstatic.com/image/thumb/Music62/v4/78/e3/33/78e333da-8c33-12a1-865e-4bb4db8f7b74/source/60x60bb.jpg,http://is4.mzstatic.com/image/thumb/Music62/v4/78/e3/33/78e333da-8c33-12a1-865e-4bb4db8f7b74/source/600x600bb.jpg,http://taitfletcher.libsyn.com/rss,Fitness & Nutrition;Podcasts;Health
789935889,Primal Blueprint Podcast,USA,Mark Sisson,http://is3.mzstatic.com/image/thumb/Music71/v4/ce/b1/fc/ceb1fcaa-79c9-0910-cc76-4db445489030/source/60x60bb.jpg,http://is3.mzstatic.com/image/thumb/Music71/v4/ce/b1/fc/ceb1fcaa-79c9-0910-cc76-4db445489030/source/600x600bb.jpg,http://primalblueprint.libsyn.com/rss,Fitness & Nutrition;Podcasts;Health;Alternative Health
743537890,The Overwhelmed Brain | Personal Growth | Relationship Advice | Critical Thinking | Emotional Intelligence | Healing,USA,"Paul Colaianni: Survive Depression, Decrease Anxiety, Stress, Narcissism, Manipulation, Relationship, Infidelity, Alcoholic, Marriage, Abuse",http://is2.mzstatic.com/image/thumb/Music71/v4/68/54/dc/6854dc3e-4006-e675-034a-37369e8ca1d2/source/60x60bb.jpg,http://is2.mzstatic.com/image/thumb/Music71/v4/68/54/dc/6854dc3e-4006-e675-034a-37369e8ca1d2/source/600x600bb.jpg,http://theoverwhelmedbrain.libsyn.com/rss,Self-Help;Podcasts;Health;Business;Religion & Spirituality;Buddhism
668541939,The 5 AM Miracle with Jeff Sanders: Healthy Habits | Personal Development | Rockin' Productivity,USA,"Jeff Sanders: Keynote Speaker, Author, and Productivity Coach",http://is2.mzstatic.com/image/thumb/Music60/v4/f4/b7/92/f4b792f7-b82d-8038-08eb-b13106ebb7b6/source/60x60bb.jpg,http://is2.mzstatic.com/image/thumb/Music60/v4/f4/b7/92/f4b792f7-b82d-8038-08eb-b13106ebb7b6/source/600x600bb.jpg,http://feedpress.me/jeffsanders,Self-Help;Podcasts;Health;Fitness & Nutrition;Business;Management & Marketing
554734474,Beyond the To Do List | Personal Productivity Perspectives,USA,"Erik Fisher, Productivity Podcaster, Author, and Coach",http://is2.mzstatic.com/image/thumb/Music62/v4/be/1d/68/be1d6847-6c2d-02e3-1359-7bf2a6355417/source/60x60bb.jpg,http://is2.mzstatic.com/image/thumb/Music62/v4/be/1d/68/be1d6847-6c2d-02e3-1359-7bf2a6355417/source/600x600bb.jpg,http://feeds.feedburner.com/beyondthetodolist,Self-Help;Podcasts;Health;Business;Management & Marketing;Careers
266422526,No Title,USA,"Russ Turley, Helana Brigman & Jeff Ainslie",http://is2.mzstatic.com/image/thumb/Music/v4/18/ea/22/18ea2254-59ef-ca01-d385-9a6b3581d932/source/60x60bb.jpg,http://is2.mzstatic.com/image/thumb/Music/v4/18/ea/22/18ea2254-59ef-ca01-d385-9a6b3581d932/source/600x600bb.jpg,http://feeds2.feedburner.com/fat2fit,Fitness & Nutrition;Podcasts;Health;Self-Help
710541646,Mark Bell's PowerCast,USA,Mark Bell with Michael Farr and Jim McDonald - SuperTraining.TV,http://is1.mzstatic.com/image/thumb/Music111/v4/6c/5a/a2/6c5aa293-d184-38e8-30ca-291b132d1253/source/60x60bb.jpg,http://is1.mzstatic.com/image/thumb/Music111/v4/6c/5a/a2/6c5aa293-d184-38e8-30ca-291b132d1253/source/600x600bb.jpg,http://feeds.feedburner.com/ThePowercast,Fitness & Nutrition;Podcasts;Health;Sports & Recreation;Comedy
74071760,Polyamory Weekly,USA,Minx,http://is1.mzstatic.com/image/thumb/Music62/v4/11/5a/12/115a1295-7a45-1ad4-ffc6-c2922b235b1d/source/60x60bb.jpg,http://is1.mzstatic.com/image/thumb/Music62/v4/11/5a/12/115a1295-7a45-1ad4-ffc6-c2922b235b1d/source/600x600bb.jpg,http://polyweekly.libsyn.com/rss,Sexuality;Podcasts;Health;Self-Help
151651969,The FitCast: Fitness and Nutrition Podcast,USA,FitCast Network,http://is3.mzstatic.com/image/thumb/Music62/v4/ad/2c/d9/ad2cd97f-f4aa-b28d-1fa0-0e496a1f342c/source/60x60bb.jpg,http://is3.mzstatic.com/image/thumb/Music62/v4/ad/2c/d9/ad2cd97f-f4aa-b28d-1fa0-0e496a1f342c/source/600x600bb.jpg,http://thefitcast.com/podcast/podcast.xml,Fitness & Nutrition;Podcasts;Health
988177838,Dr. Wayne W. Dyer Podcast,USA,Hay House,http://is1.mzstatic.com/image/thumb/Music71/v4/72/b0/be/72b0be4d-4872-8527-2634-e4ba85e10e3d/source/60x60bb.jpg,http://is1.mzstatic.com/image/thumb/Music71/v4/72/b0/be/72b0be4d-4872-8527-2634-e4ba85e10e3d/source/600x600bb.jpg,http://drwaynedyer.hayhouse.libsynpro.com/rss,Alternative Health;Podcasts;Health;Religion & Spirituality
966362392,That's So Retrograde,USA,Elizabeth Kott & Stephanie Simbari,http://is1.mzstatic.com/image/thumb/Music62/v4/93/51/cb/9351cb81-7f7e-3d85-9753-e746ec6cb9dd/source/60x60bb.jpg,http://is1.mzstatic.com/image/thumb/Music62/v4/93/51/cb/9351cb81-7f7e-3d85-9753-e746ec6cb9dd/source/600x600bb.jpg,https://rss.acast.com/thatssoretrograde,Health;Podcasts
1064413273,"Inspirational Living: Motivation, Self-Help, Spirituality & Positive Thinking",USA,The Living Hour: Motivational Publisher of Educational Media & Inspiration for Success,http://is4.mzstatic.com/image/thumb/Music62/v4/f3/09/e8/f309e8ad-6cf1-1e54-6d44-080e8fd12eee/source/60x60bb.jpg,http://is4.mzstatic.com/image/thumb/Music62/v4/f3/09/e8/f309e8ad-6cf1-1e54-6d44-080e8fd12eee/source/600x600bb.jpg,http://podcast.livinghour.org/feed/,Self-Help;Podcasts;Health
268003768,The People's Pharmacy,USA,Joe and Terry Graedon,http://is1.mzstatic.com/image/thumb/Music71/v4/79/4d/fc/794dfc33-2eed-0034-b519-c176c9b16e0c/source/60x60bb.jpg,http://is1.mzstatic.com/image/thumb/Music71/v4/79/4d/fc/794dfc33-2eed-0034-b519-c176c9b16e0c/source/600x600bb.jpg,http://feeds.feedburner.com/ThePeoplesPharmacy,Alternative Health;Podcasts;Health
359208879,Marathon Training Academy,USA,Angie and Trevor,http://is4.mzstatic.com/image/thumb/Music71/v4/57/c7/fe/57c7fec6-7960-aecb-2807-613a731ce65c/source/60x60bb.jpg,http://is4.mzstatic.com/image/thumb/Music71/v4/57/c7/fe/57c7fec6-7960-aecb-2807-613a731ce65c/source/600x600bb.jpg,http://marathontrainingacademy.com/feed/podcast,Fitness & Nutrition;Podcasts;Health;Self-Help
113310667,Swingercast - Swinging Hot Sex.,USA,John and Allie.,http://is4.mzstatic.com/image/thumb/Music1/v4/81/11/6c/81116cfb-7642-520d-3e33-4b9f6243e580/source/60x60bb.jpg,http://is4.mzstatic.com/image/thumb/Music1/v4/81/11/6c/81116cfb-7642-520d-3e33-4b9f6243e580/source/600x600bb.jpg,http://feeds.feedburner.com/Swingercast,Sexuality;Podcasts;Health
921854276,"The Ultimate Health Podcast: Wellness, Nutrition, Fitness, & Exercise",USA,"Dr. Jesse Chappus & Marni Wasserman are health & wellness experts who interview Lewis Howes, Gretchen Rubin, Dave Asprey, Rich Roll & many more!",http://is5.mzstatic.com/image/thumb/Music111/v4/ad/31/79/ad3179ef-c0e0-9117-6508-e5f9937cadfe/source/60x60bb.jpg,http://is5.mzstatic.com/image/thumb/Music111/v4/ad/31/79/ad3179ef-c0e0-9117-6508-e5f9937cadfe/source/600x600bb.jpg,http://ultimatehealthpodcast.libsyn.com/rss,Fitness & Nutrition;Podcasts;Health;Self-Help;Alternative Health
1206109317,ATHLEAN-Xâ„¢,USA,"Jeff Cavaliere MSPT, CSCS",http://is1.mzstatic.com/image/thumb/Music122/v4/ee/20/29/ee2029e3-acd9-2014-ba28-94c71e84e01f/source/60x60bb.jpg,http://is1.mzstatic.com/image/thumb/Music122/v4/ee/20/29/ee2029e3-acd9-2014-ba28-94c71e84e01f/source/600x600bb.jpg,https://athleanx.com/podcast.xml,Fitness & Nutrition;Podcasts;Health
323773207,Couch to 5K (C25K) 5K101.com,USA,RUNNING MATE,http://is4.mzstatic.com/image/thumb/Music62/v4/c1/02/24/c10224f3-2bf0-27a1-5d98-5fedf149e440/source/60x60bb.jpg,http://is4.mzstatic.com/image/thumb/Music62/v4/c1/02/24/c10224f3-2bf0-27a1-5d98-5fedf149e440/source/600x600bb.jpg,http://runningmate.podOmatic.com/rss2.xml,Fitness & Nutrition;Podcasts;Health
210951638,Power Yoga with Dave Farmar,USA,Dave Farmar,http://is1.mzstatic.com/image/thumb/Music6/v4/cd/bf/07/cdbf0795-742b-03b6-f9d3-427211df80d8/source/60x60bb.jpg,http://is1.mzstatic.com/image/thumb/Music6/v4/cd/bf/07/cdbf0795-742b-03b6-f9d3-427211df80d8/source/600x600bb.jpg,http://davefarmar.libsyn.com/rss,Fitness & Nutrition;Podcasts;Health;Alternative Health
1064051384,Love Life with Matthew Hussey,USA,Matthew Hussey,http://is2.mzstatic.com/image/thumb/Music71/v4/93/4f/8c/934f8c99-e4f0-8999-c6db-21186a9bc307/source/60x60bb.jpg,http://is2.mzstatic.com/image/thumb/Music71/v4/93/4f/8c/934f8c99-e4f0-8999-c6db-21186a9bc307/source/600x600bb.jpg,http://lovelife.libsyn.com/rss,Self-Help;Podcasts;Health
982006298,Self Made Man,USA,Mike Dillard,http://is3.mzstatic.com/image/thumb/Music62/v4/bd/68/88/bd688854-eb33-0785-2dc0-0ef239223adc/source/60x60bb.jpg,http://is3.mzstatic.com/image/thumb/Music62/v4/bd/68/88/bd688854-eb33-0785-2dc0-0ef239223adc/source/600x600bb.jpg,http://selfmademan.libsyn.com/rss,Self-Help;Podcasts;Health;Business;Education
955637330,The Unbeatable Mind Podcast with Mark Divine,USA,Mark Divine / The SEALFIT Network,http://is4.mzstatic.com/image/thumb/Music71/v4/0a/87/e7/0a87e79b-b98c-bc19-e6c6-87117e8bd3be/source/60x60bb.jpg,http://is4.mzstatic.com/image/thumb/Music71/v4/0a/87/e7/0a87e79b-b98c-bc19-e6c6-87117e8bd3be/source/600x600bb.jpg,http://sealfit.libsyn.com/rss,Self-Help;Podcasts;Health;Business;Fitness & Nutrition
1033620094,OPTIMIZE with Brian Johnson | More Wisdom in Less Time,USA,Brian Johnson,http://is4.mzstatic.com/image/thumb/Music71/v4/f4/bd/f0/f4bdf0a6-bd51-75a5-76ab-ea9343308181/source/60x60bb.jpg,http://is4.mzstatic.com/image/thumb/Music71/v4/f4/bd/f0/f4bdf0a6-bd51-75a5-76ab-ea9343308181/source/600x600bb.jpg,http://brianjohnson.libsyn.com/rss,Self-Help;Podcasts;Health;Science & Medicine;Social Sciences;Business;Careers
220453692,Meditation - Overcoming Stress & Illness Podcast,USA,Roy Masters,http://is5.mzstatic.com/image/thumb/Music6/v4/00/83/44/008344f6-7d9f-2031-39c1-107020839411/source/60x60bb.jpg,http://is5.mzstatic.com/image/thumb/Music6/v4/00/83/44/008344f6-7d9f-2031-39c1-107020839411/source/600x600bb.jpg,http://feeds.feedburner.com/fhumeditation,Self-Help;Podcasts;Health;Science & Medicine;Natural Sciences;Society & Culture;Religion & Spirituality
217836285,My Free Trainer,USA,Unknown,http://is5.mzstatic.com/image/thumb/Music6/v4/00/83/44/008344f6-7d9f-2031-39c1-107020839411/source/60x60bb.jpg,http://is5.mzstatic.com/image/thumb/Music6/v4/00/83/44/008344f6-7d9f-2031-39c1-107020839411/source/600x600bb.jpg,http://feeds.feedburner.com/MyFreeTrainer,Fitness & Nutrition;Podcasts;Health;Sports & Recreation
968365266,The Paleo Women Podcast: Health | Nutrition | Fitness | Hormones,USA,Noelle Tarr and Stefani Ruper,http://is5.mzstatic.com/image/thumb/Music71/v4/38/79/74/387974b8-662e-0445-8315-11769189790f/source/60x60bb.jpg,http://is5.mzstatic.com/image/thumb/Music71/v4/38/79/74/387974b8-662e-0445-8315-11769189790f/source/600x600bb.jpg,http://coconutsandkettlebells.com/feed/podcast/,Fitness & Nutrition;Podcasts;Health;Alternative Health;Self-Help
1087926635,Earn Your Happy Podcast | Motivation | Self-Love | Entrepreneurship | Confidence | Fitness and Life Coaching with Lori Harder,USA,Lori Harder,http://is5.mzstatic.com/image/thumb/Music62/v4/16/fc/cd/16fccd91-dd30-9cb9-ae4b-a16dbd2bc670/source/60x60bb.jpg,http://is5.mzstatic.com/image/thumb/Music62/v4/16/fc/cd/16fccd91-dd30-9cb9-ae4b-a16dbd2bc670/source/600x600bb.jpg,http://feeds.feedburner.com/EarnYouHappy,Self-Help;Podcasts;Health;Society & Culture;Business
1065074566,Quiet: The Power of Introverts with Susan Cain,USA,Susan Cain / Panoply / Quiet Revolution,http://is5.mzstatic.com/image/thumb/Music71/v4/50/f7/b8/50f7b805-ed4c-fce4-845c-15f6861f02a7/source/60x60bb.jpg,http://is5.mzstatic.com/image/thumb/Music71/v4/50/f7/b8/50f7b805-ed4c-fce4-845c-15f6861f02a7/source/600x600bb.jpg,http://feeds.feedburner.com/QuietThePowerOfIntrovertsWithSusanCain,Self-Help;Podcasts;Health;Kids & Family
1025326955,Finding Mastery: Conversations with Michael Gervais,USA,Michael Gervais,http://is3.mzstatic.com/image/thumb/Music122/v4/36/d8/4e/36d84ed2-cf7a-5431-d66c-06d8b00d35de/source/60x60bb.jpg,http://is3.mzstatic.com/image/thumb/Music122/v4/36/d8/4e/36d84ed2-cf7a-5431-d66c-06d8b00d35de/source/600x600bb.jpg,https://rss.art19.com/finding-mastery,Health;Podcasts
1199977889,The Marie Forleo Podcast,USA,"Marie Forleo: Teacher, Writer, Entrepreneur, Philanthropist, Lifelong Learner",http://is1.mzstatic.com/image/thumb/Music111/v4/8b/65/0a/8b650a05-4c24-5eb8-61c2-c78f062993ca/source/60x60bb.jpg,http://is1.mzstatic.com/image/thumb/Music111/v4/8b/65/0a/8b650a05-4c24-5eb8-61c2-c78f062993ca/source/600x600bb.jpg,http://themarieforleopodcast.libsyn.com/rss,Self-Help;Podcasts;Health
908153168,"The Anxiety Coaches Podcast - Relief from Anxiety, Panic, and PTSD",USA,Gina Ryan of Anxiety Coaches Podcast,http://is2.mzstatic.com/image/thumb/Music71/v4/0b/89/34/0b8934da-5482-ec6b-7db0-ea82cbdd69b2/source/60x60bb.jpg,http://is2.mzstatic.com/image/thumb/Music71/v4/0b/89/34/0b8934da-5482-ec6b-7db0-ea82cbdd69b2/source/600x600bb.jpg,http://anxietycoaches.libsyn.com/anxietycoaches,Self-Help;Podcasts;Health;Society & Culture;Philosophy;Alternative Health
502334416,Half Size Me,USA,"Heather Robertson: Health, fitness, weight loss, and self-acceptance coach",http://is1.mzstatic.com/image/thumb/Music62/v4/f9/dd/83/f9dd835d-c0d9-83cf-62e8-da04430f5f4e/source/60x60bb.jpg,http://is1.mzstatic.com/image/thumb/Music62/v4/f9/dd/83/f9dd835d-c0d9-83cf-62e8-da04430f5f4e/source/600x600bb.jpg,http://www.halfsizeme.com/feed/podcast/,Fitness & Nutrition;Podcasts;Health;Self-Help
407598704,Plus One,USA,Plus One,http://is1.mzstatic.com/image/thumb/Music62/v4/18/59/e3/1859e304-9163-c148-f4db-13766d269a97/source/60x60bb.jpg,http://is1.mzstatic.com/image/thumb/Music62/v4/18/59/e3/1859e304-9163-c148-f4db-13766d269a97/source/600x600bb.jpg,http://feeds.soundcloud.com/users/soundcloud:users:95652615/sounds.rss,Health;Podcasts
258592484,Fit Girl: Your Guide to Getting In Shape,USA,Kira Langolf,http://is4.mzstatic.com/image/thumb/Music/v4/84/8b/e5/848be541-b336-082f-8404-f0e8f1b4d3f2/source/60x60bb.jpg,http://is4.mzstatic.com/image/thumb/Music/v4/84/8b/e5/848be541-b336-082f-8404-f0e8f1b4d3f2/source/600x600bb.jpg,http://feeds.feedburner.com/FitGirlGuide,Fitness & Nutrition;Podcasts;Health;Self-Help;Sports & Recreation;Alternative Health
263208884,The Masters of The Secret,USA,Bill Harris,http://is1.mzstatic.com/image/thumb/Music/v4/0c/96/45/0c964520-0261-1967-70f8-f258f265a46c/source/60x60bb.jpg,http://is1.mzstatic.com/image/thumb/Music/v4/0c/96/45/0c964520-0261-1967-70f8-f258f265a46c/source/600x600bb.jpg,http://www.themastersofthesecret.com/rss/podcast.rss,Self-Help;Podcasts;Health;Society & Culture;Religion & Spirituality;Other;Philosophy
217390477,On the Minds of Men: Uncensored Sex Talk with Dr. Lori Buckley,USA,Dr. Lori Buckley,http://is1.mzstatic.com/image/thumb/Music/v4/cc/77/db/cc77dbbd-f71b-edd3-52d4-bda29ab25e7f/source/60x60bb.jpg,http://is1.mzstatic.com/image/thumb/Music/v4/cc/77/db/cc77dbbd-f71b-edd3-52d4-bda29ab25e7f/source/600x600bb.jpg,http://feeds.feedburner.com/MindsOfMen,Sexuality;Podcasts;Health
1029297168,House Call With Dr. Hyman,USA,Mark Hyman,http://is2.mzstatic.com/image/thumb/Music62/v4/4f/ba/7a/4fba7a6a-048a-b839-43f9-de1d8963a7b7/source/60x60bb.jpg,http://is2.mzstatic.com/image/thumb/Music62/v4/4f/ba/7a/4fba7a6a-048a-b839-43f9-de1d8963a7b7/source/600x600bb.jpg,http://feeds.soundcloud.com/users/soundcloud:users:167122488/sounds.rss,Alternative Health;Podcasts;Health
323339880,The House Call Doctor's Quick and Dirty Tips for Taking Charge of Your Health,USA,QuickAndDirtyTips.com,http://is4.mzstatic.com/image/thumb/Music62/v4/01/fe/28/01fe28de-bd2a-2f37-6bf4-94169856bb06/source/60x60bb.jpg,http://is4.mzstatic.com/image/thumb/Music62/v4/01/fe/28/01fe28de-bd2a-2f37-6bf4-94169856bb06/source/600x600bb.jpg,http://www.quickanddirtytips.com/xml/housecall.xml,Fitness & Nutrition;Podcasts;Health;Science & Medicine
323397049,Cut The Fat Weight Loss Podcast,USA,Cut The Fat Podcast,http://is5.mzstatic.com/image/thumb/Music19/v4/7c/c1/94/7cc19436-335b-d8ce-06b6-d6a47cc95353/source/60x60bb.jpg,http://is5.mzstatic.com/image/thumb/Music19/v4/7c/c1/94/7cc19436-335b-d8ce-06b6-d6a47cc95353/source/600x600bb.jpg,http://www.blogtalkradio.com/cutthefatpodcast/podcast,Fitness & Nutrition;Podcasts;Health
803978236,The Savvy Psychologist's Quick and Dirty Tips for Better Mental Health,USA,QuickAndDirtyTips.com,http://is4.mzstatic.com/image/thumb/Music62/v4/f8/e3/09/f8e3094b-cce4-c010-3d48-2b7514b31e77/source/60x60bb.jpg,http://is4.mzstatic.com/image/thumb/Music62/v4/f8/e3/09/f8e3094b-cce4-c010-3d48-2b7514b31e77/source/600x600bb.jpg,http://www.quickanddirtytips.com/itunes/5472,Self-Help;Podcasts;Health;Education;Science & Medicine;Medicine
1195501291,Intelligence For Your Life The Podcast,USA,John Tesh,http://is3.mzstatic.com/image/thumb/Music111/v4/b8/f4/c5/b8f4c5ee-9d4f-8fa0-3c6d-fbee7c354355/source/60x60bb.jpg,http://is3.mzstatic.com/image/thumb/Music111/v4/b8/f4/c5/b8f4c5ee-9d4f-8fa0-3c6d-fbee7c354355/source/600x600bb.jpg,https://rss.art19.com/intelligence-for-your-life-the-podcast,Self-Help;Podcasts;Health
296766401,Underground Wellness Radio,USA,Sean Croxton,http://is5.mzstatic.com/image/thumb/Music71/v4/f7/b4/19/f7b4197d-6031-5e3c-fe13-3b013bcc7770/source/60x60bb.jpg,http://is5.mzstatic.com/image/thumb/Music71/v4/f7/b4/19/f7b4197d-6031-5e3c-fe13-3b013bcc7770/source/600x600bb.jpg,http://undergroundwellnessradio.libsyn.com/rss,Fitness & Nutrition;Podcasts;Health;Self-Help
1052960171,Beauty Inside Out with Kimberly Snyder,USA,Kimberly Snyder,http://is1.mzstatic.com/image/thumb/Music62/v4/0e/d9/76/0ed9760b-bbeb-5cc9-53b3-841f771f2745/source/60x60bb.jpg,http://is1.mzstatic.com/image/thumb/Music62/v4/0e/d9/76/0ed9760b-bbeb-5cc9-53b3-841f771f2745/source/600x600bb.jpg,http://beautyinsideout.libsyn.com/rss,Fitness & Nutrition;Podcasts;Health
899560930,Trust and Believe with Shaun T,USA,Trust and Believe with Shaun T,http://is3.mzstatic.com/image/thumb/Music62/v4/f7/fd/37/f7fd3783-7907-62e8-0146-17c7b1570669/source/60x60bb.jpg,http://is3.mzstatic.com/image/thumb/Music62/v4/f7/fd/37/f7fd3783-7907-62e8-0146-17c7b1570669/source/600x600bb.jpg,https://shauntfitness.com/feed/podcast/,Self-Help;Podcasts;Health;Fitness & Nutrition
1071990583,Keto Talk With Jimmy Moore & The Doc,USA,Jimmy Moore & Dr. Adam Nally,http://is4.mzstatic.com/image/thumb/Music62/v4/5a/d3/86/5ad38650-16f7-3e63-fa9b-5f085a79715f/source/60x60bb.jpg,http://is4.mzstatic.com/image/thumb/Music62/v4/5a/d3/86/5ad38650-16f7-3e63-fa9b-5f085a79715f/source/600x600bb.jpg,http://ketotalk.libsyn.com/rss,Fitness & Nutrition;Podcasts;Health;Self-Help
1090954776,"Foodist with Darya Rose, Ph.D",USA,"Darya Rose, Ph.D",http://is4.mzstatic.com/image/thumb/Music62/v4/50/f6/bf/50f6bf37-c10c-27c5-3ef5-ac0d7a56eeca/source/60x60bb.jpg,http://is4.mzstatic.com/image/thumb/Music62/v4/50/f6/bf/50f6bf37-c10c-27c5-3ef5-ac0d7a56eeca/source/600x600bb.jpg,http://feeds.soundcloud.com/users/soundcloud:users:210625450/sounds.rss,Health;Podcasts
289307708,CorePower Yoga Podcasts,USA,CorePower Yoga,http://is5.mzstatic.com/image/thumb/Music6/v4/38/09/85/380985b4-12fa-2ac2-d2b7-40aae1c58708/source/60x60bb.jpg,http://is5.mzstatic.com/image/thumb/Music6/v4/38/09/85/380985b4-12fa-2ac2-d2b7-40aae1c58708/source/600x600bb.jpg,http://feeds.feedburner.com/CorePowerYogaPodcasts,Fitness & Nutrition;Podcasts;Health;Alternative Health;Sports & Recreation;Amateur
129144284,iProcrastinate Podcast,USA,Procrastination Research Group,http://is4.mzstatic.com/image/thumb/Music/v4/8f/51/ac/8f51ac09-c14c-0df2-dba0-83a067d078ef/source/60x60bb.jpg,http://is4.mzstatic.com/image/thumb/Music/v4/8f/51/ac/8f51ac09-c14c-0df2-dba0-83a067d078ef/source/600x600bb.jpg,http://iprocrastinate.libsyn.com/rss,Self-Help;Podcasts;Health
990149481,The Knowledge Project Podcast by Shane Parrish,USA,Shane Parrish,http://is1.mzstatic.com/image/thumb/Music62/v4/87/c2/62/87c262cb-4699-22b2-5e57-93c741b5fc0f/source/60x60bb.jpg,http://is1.mzstatic.com/image/thumb/Music62/v4/87/c2/62/87c262cb-4699-22b2-5e57-93c741b5fc0f/source/600x600bb.jpg,http://theknowledgeproject.libsyn.com/rss,Self-Help;Podcasts;Health;Society & Culture;Philosophy;Business;Investing
339853848,Dishing Up Nutrition,USA,"Nutritional Weight & Wellness, Inc.",http://is3.mzstatic.com/image/thumb/Music/v4/05/a8/66/05a866d6-8b76-f700-037c-d0e68b9efdc0/source/60x60bb.jpg,http://is3.mzstatic.com/image/thumb/Music/v4/05/a8/66/05a866d6-8b76-f700-037c-d0e68b9efdc0/source/600x600bb.jpg,http://dishingupnutrition.podbean.com/feed/,Fitness & Nutrition;Podcasts;Health
1071032154,"Tiny Leaps, Big Changes: Motivation | Inspiration | Personal Growth | Self Improvement",USA,Gregg Clunis: Personal development strategies and lifestyle design habits to create your ideal life.,http://is2.mzstatic.com/image/thumb/Music62/v4/5e/ac/2b/5eac2b16-c401-dfca-737d-74b1ce602d42/source/60x60bb.jpg,http://is2.mzstatic.com/image/thumb/Music62/v4/5e/ac/2b/5eac2b16-c401-dfca-737d-74b1ce602d42/source/600x600bb.jpg,http://feed.awesound.com/pp92v0iw,Self-Help;Podcasts;Health;Society & Culture;Business;Careers
793330058,Personality Hacker Podcast,USA,Joel Mark Witt & Antonia Dodge,http://is5.mzstatic.com/image/thumb/Music62/v4/83/fd/92/83fd920a-a489-1f43-0e07-7d7bf515ca11/source/60x60bb.jpg,http://is5.mzstatic.com/image/thumb/Music62/v4/83/fd/92/83fd920a-a489-1f43-0e07-7d7bf515ca11/source/600x600bb.jpg,http://feeds.feedburner.com/PersonalityHackerPodcast,Self-Help;Podcasts;Health;Society & Culture;Science & Medicine;Social Sciences
954083494,Elite Man Podcast | Self Improvement | Confidence | Biohacking | Dating Advice | Life Coach | Relationship | Communication,USA,"Justin Stenstrom talks Self-Help, Manliness, Psychology, NLP, Hypnosis, Mirroring Joe Rogan, Malcolm Gladwell, Gary Vaynerchuk, Bill Burr, Jocko, Deepak Chopra, Minimalists, Peter King, Bill Simmons, PTI, Adam Carolla, Art of Charm, Lore, Marc Maron",http://is3.mzstatic.com/image/thumb/Music71/v4/2f/f8/7b/2ff87b90-271d-59d3-a9f8-daec65a9484f/source/60x60bb.jpg,http://is3.mzstatic.com/image/thumb/Music71/v4/2f/f8/7b/2ff87b90-271d-59d3-a9f8-daec65a9484f/source/600x600bb.jpg,http://elitemanmagazine.com/feed/podcast/,Self-Help;Podcasts;Health;Business;Management & Marketing;Fitness & Nutrition
1136251922,Optimal Health Daily: Diet | Nutrition | Fitness | Wellness,USA,Dr. Neal Malik with Optimal Living Daily,http://is3.mzstatic.com/image/thumb/Music71/v4/8c/ea/83/8cea833c-6604-3148-e319-6634919cb3f9/source/60x60bb.jpg,http://is3.mzstatic.com/image/thumb/Music71/v4/8c/ea/83/8cea833c-6604-3148-e319-6634919cb3f9/source/600x600bb.jpg,http://optimalhealthdaily.libsyn.com/rss,Fitness & Nutrition;Podcasts;Health;Science & Medicine;Sports & Recreation;Amateur;Natural Sciences
892905009,ReWild Yourself,USA,Daniel Vitalis,http://is1.mzstatic.com/image/thumb/Music71/v4/7d/05/39/7d053944-9313-7058-6b9a-657aae840e1f/source/60x60bb.jpg,http://is1.mzstatic.com/image/thumb/Music71/v4/7d/05/39/7d053944-9313-7058-6b9a-657aae840e1f/source/600x600bb.jpg,http://rewildyourself.libsyn.com/rss,Alternative Health;Podcasts;Health
651219242,Ask Women Podcast,USA,Ask Women,http://is3.mzstatic.com/image/thumb/Music111/v4/4b/79/50/4b79506e-8787-9416-764b-f5b22765dcfb/source/60x60bb.jpg,http://is3.mzstatic.com/image/thumb/Music111/v4/4b/79/50/4b79506e-8787-9416-764b-f5b22765dcfb/source/600x600bb.jpg,https://audioboom.com/channels/4784774.rss,Sexuality;Podcasts;Health;Society & Culture;Comedy
814025804,"Sex Gets Real: Talking Sex, Relationships, and Kink with Dawn Serra",USA,Sex Gets Real,http://is2.mzstatic.com/image/thumb/Music62/v4/06/10/5b/06105bde-6454-922e-fd2a-3456df8f461f/source/60x60bb.jpg,http://is2.mzstatic.com/image/thumb/Music62/v4/06/10/5b/06105bde-6454-922e-fd2a-3456df8f461f/source/600x600bb.jpg,http://sexgetsreal.libsyn.com/rss,Sexuality;Podcasts;Health;Comedy;Society & Culture
988176687,Hay House Radio Podcast,USA,Hay House,http://is5.mzstatic.com/image/thumb/Music62/v4/7f/79/f4/7f79f462-4e99-bf74-ffc6-a5b9a7d698c6/source/60x60bb.jpg,http://is5.mzstatic.com/image/thumb/Music62/v4/7f/79/f4/7f79f462-4e99-bf74-ffc6-a5b9a7d698c6/source/600x600bb.jpg,http://hhradio.hayhouse.libsynpro.com/rss,Alternative Health;Podcasts;Health;Self-Help
377369789,Laugh or Go CRAZY! Inspiration & Laughter,USA,Laugh or Go Crazy,http://is1.mzstatic.com/image/thumb/Music71/v4/04/b7/be/04b7bee9-02d0-44cb-0a1e-974630940d88/source/60x60bb.jpg,http://is1.mzstatic.com/image/thumb/Music71/v4/04/b7/be/04b7bee9-02d0-44cb-0a1e-974630940d88/source/600x600bb.jpg,http://laughorgocrazy.podbean.com/feed/,Self-Help;Podcasts;Health
700512884,"Food Psych - Intuitive Eating, Positive Body Image, & Eating Disorder Recovery",USA,"Christy Harrison, MPH, RD, CDN - Intuitive Eating Coach & Anti-Diet Registered Dietitian Nutritionist",http://is4.mzstatic.com/image/thumb/Music111/v4/f8/44/f4/f844f420-db8d-8e0a-c2c6-ecdac5b93acf/source/60x60bb.jpg,http://is4.mzstatic.com/image/thumb/Music111/v4/f8/44/f4/f844f420-db8d-8e0a-c2c6-ecdac5b93acf/source/600x600bb.jpg,http://foodpsych.libsyn.com/rss,Fitness & Nutrition;Podcasts;Health;Self-Help;Arts;Food
755164884,"Knowledge For Men â€“Â More Purpose, Power, Love & Freedom",USA,Andrew Ferebee,http://is4.mzstatic.com/image/thumb/Music62/v4/27/9e/dc/279edcee-c3af-85d6-e024-c95e8a3aadbf/source/60x60bb.jpg,http://is4.mzstatic.com/image/thumb/Music62/v4/27/9e/dc/279edcee-c3af-85d6-e024-c95e8a3aadbf/source/600x600bb.jpg,http://knowledgeformen.libsyn.com/rss,Self-Help;Podcasts;Health;Society & Culture;Philosophy;Business;Careers
582930391,Smart Drug Smarts: Brain Optimization | Nootropics | Neuroscience,USA,"Jesse Lawler: Brain Enthusiast, Biohacker, Nootropics Nerd, Multichannel Eccentric",http://is3.mzstatic.com/image/thumb/Music62/v4/f0/58/2b/f0582bf0-d66c-d256-93d4-d3bd7f37937e/source/60x60bb.jpg,http://is3.mzstatic.com/image/thumb/Music62/v4/f0/58/2b/f0582bf0-d66c-d256-93d4-d3bd7f37937e/source/600x600bb.jpg,http://feeds.smartdrugsmarts.com/podcast/sds.xml,Fitness & Nutrition;Podcasts;Health
218920443,Living Green: EveryBody Inspired to Succeed,USA,Meredith Medland Sasseen,http://is2.mzstatic.com/image/thumb/Music2/v4/74/04/9a/74049ab0-a58d-822c-dfb8-a10ce1c1fbc2/source/60x60bb.jpg,http://is2.mzstatic.com/image/thumb/Music2/v4/74/04/9a/74049ab0-a58d-822c-dfb8-a10ce1c1fbc2/source/600x600bb.jpg,http://podcasts.personallifemedia.com/podcasts/224-living-green/feedburner.rss,Health;Podcasts;Science & Medicine;Society & Culture
668174671,ADHD Experts Podcast,USA,ADDitude,http://is1.mzstatic.com/image/thumb/Music62/v4/8f/62/9b/8f629b41-a309-9960-74b7-a39034fbf449/source/60x60bb.jpg,http://is1.mzstatic.com/image/thumb/Music62/v4/8f/62/9b/8f629b41-a309-9960-74b7-a39034fbf449/source/600x600bb.jpg,http://additudemag.libsyn.com/rss,Self-Help;Podcasts;Health;Education;Science & Medicine
394384987,NHS Couch to 5K,USA,NHS Choices,http://is5.mzstatic.com/image/thumb/Music/v4/7d/28/b0/7d28b091-85d5-a5a5-317a-3718980c0b56/source/60x60bb.jpg,http://is5.mzstatic.com/image/thumb/Music/v4/7d/28/b0/7d28b091-85d5-a5a5-317a-3718980c0b56/source/600x600bb.jpg,http://feeds.feedburner.com/nhscouchto5k,Fitness & Nutrition;Podcasts;Health
1039562972,Inspire Nation | Daily Inspiration - Motivation - Meditation | Law of Attraction | Health | Career | Spirituality | Self-Help,USA,Inspiring Self-Help Expert Michael Sandler along with Co-Host Jessica Lee,http://is4.mzstatic.com/image/thumb/Music71/v4/e9/53/14/e95314c3-4e42-2d62-6638-a029549c95b1/source/60x60bb.jpg,http://is4.mzstatic.com/image/thumb/Music71/v4/e9/53/14/e95314c3-4e42-2d62-6638-a029549c95b1/source/600x600bb.jpg,http://inspirenation.libsyn.com/rss,Self-Help;Podcasts;Health;Business;Careers;Religion & Spirituality;Spirituality
1059573987,The Keto Diet Podcast,USA,Leanne Vogel,http://is3.mzstatic.com/image/thumb/Music71/v4/51/45/d4/5145d4bf-459c-41d4-1377-3669fb4b0dae/source/60x60bb.jpg,http://is3.mzstatic.com/image/thumb/Music71/v4/51/45/d4/5145d4bf-459c-41d4-1377-3669fb4b0dae/source/600x600bb.jpg,http://thenosugarcoatingpodcast.libsyn.com/rss,Fitness & Nutrition;Podcasts;Health
280971858,Life Habits,USA,Karel Vredenburg,http://is4.mzstatic.com/image/thumb/Music111/v4/18/31/f9/1831f99d-d4ae-1714-3352-5314d0e4e017/source/60x60bb.jpg,http://is4.mzstatic.com/image/thumb/Music111/v4/18/31/f9/1831f99d-d4ae-1714-3352-5314d0e4e017/source/600x600bb.jpg,http://feeds.feedburner.com/lifehabits/feed,Self-Help;Podcasts;Health
452025505,Another Mother Runner,USA,Another Mother Runner,http://is2.mzstatic.com/image/thumb/Music71/v4/3a/c8/76/3ac87644-f026-1018-8787-957ce9cdf542/source/60x60bb.jpg,http://is2.mzstatic.com/image/thumb/Music71/v4/3a/c8/76/3ac87644-f026-1018-8787-957ce9cdf542/source/600x600bb.jpg,http://rss.acast.com/anothermotherrunner,Fitness & Nutrition;Podcasts;Health
698494393,Zen Habits Radio | Leo Babauta - The Zen Habits Audio Blog and Podcast - Take Your Zen to Go,USA,Leo Babauta and The Zen Habits Radio Team,http://is2.mzstatic.com/image/thumb/Music71/v4/67/d8/e1/67d8e164-1cc4-fee4-38e8-6b6548442f4c/source/60x60bb.jpg,http://is2.mzstatic.com/image/thumb/Music71/v4/67/d8/e1/67d8e164-1cc4-fee4-38e8-6b6548442f4c/source/600x600bb.jpg,http://www.zenhabitsradio.com/feed/podcast/,Self-Help;Podcasts;Health;Business;Religion & Spirituality
267200514,The Strength Coach Podcast,USA,strengthcoachpodcast@gmail.com,http://is1.mzstatic.com/image/thumb/Music6/v4/4e/60/81/4e608164-8499-fdcc-8020-a34935b7cae9/source/60x60bb.jpg,http://is1.mzstatic.com/image/thumb/Music6/v4/4e/60/81/4e608164-8499-fdcc-8020-a34935b7cae9/source/600x600bb.jpg,http://www.strengthcoachpodcast.com/rss,Fitness & Nutrition;Podcasts;Health;Sports & Recreation;Education;Training
1050321415,Over It And On With It,USA,Christine Hassler,http://is2.mzstatic.com/image/thumb/Music62/v4/64/c5/91/64c5912b-a791-b1a8-90c8-1654be7cf0e0/source/60x60bb.jpg,http://is2.mzstatic.com/image/thumb/Music62/v4/64/c5/91/64c5912b-a791-b1a8-90c8-1654be7cf0e0/source/600x600bb.jpg,http://overitandonwithit.libsyn.com/rss,Self-Help;Podcasts;Health;Religion & Spirituality
952870930,Spartan Up! - Develop the Spartan Mindset for Success,USA,Joe De Sena CEO & Founder Spartan Race,http://is5.mzstatic.com/image/thumb/Music111/v4/50/ab/f7/50abf713-7021-9961-3c0c-4690feaddbe3/source/60x60bb.jpg,http://is5.mzstatic.com/image/thumb/Music111/v4/50/ab/f7/50abf713-7021-9961-3c0c-4690feaddbe3/source/600x600bb.jpg,http://feedpress.me/spartanup,Self-Help;Podcasts;Health;Business;Careers;Fitness & Nutrition
1038593464,Sleep With Me | Helps You Fall Asleep Via Silly Boring Bedtime Stories,USA,Bedtime Star Trek Storyteller- Dearest Scooter,http://is1.mzstatic.com/image/thumb/Music71/v4/c0/03/1c/c0031c4f-a420-b86a-7ac6-4f5b728f3388/source/60x60bb.jpg,http://is1.mzstatic.com/image/thumb/Music71/v4/c0/03/1c/c0031c4f-a420-b86a-7ac6-4f5b728f3388/source/600x600bb.jpg,http://feedpress.me/sleepwithme,Alternative Health;Podcasts;Health;Comedy;TV & Film
1045873679,My Seven Chakras with Aditya,USA,"Join Aditya as he engages with visionaries, thought leaders and experts on how to use the power of ancient wisdom to improve your health, overcome major challenges and find your life's true calling!",http://is1.mzstatic.com/image/thumb/Music71/v4/5e/ff/9d/5eff9de1-095b-420a-0dd8-5c08acd065a9/source/60x60bb.jpg,http://is1.mzstatic.com/image/thumb/Music71/v4/5e/ff/9d/5eff9de1-095b-420a-0dd8-5c08acd065a9/source/600x600bb.jpg,http://mysevenchakras7.libsyn.com/rss,Alternative Health;Podcasts;Health;Science & Medicine;Business;Careers
417736572,Latest in Paleo,USA,5by5,http://is3.mzstatic.com/image/thumb/Music62/v4/a1/d2/c8/a1d2c8c6-f35b-b543-7107-54c8964d1156/source/60x60bb.jpg,http://is3.mzstatic.com/image/thumb/Music62/v4/a1/d2/c8/a1d2c8c6-f35b-b543-7107-54c8964d1156/source/600x600bb.jpg,http://feeds.5by5.tv/paleo,Alternative Health;Podcasts;Health;Fitness & Nutrition
475230193,Deepak Chopra Radio,USA,deepakchopra,http://is2.mzstatic.com/image/thumb/Music71/v4/44/a9/bd/44a9bd0a-1f4d-3126-976e-094e8e390e3c/source/60x60bb.jpg,http://is2.mzstatic.com/image/thumb/Music71/v4/44/a9/bd/44a9bd0a-1f4d-3126-976e-094e8e390e3c/source/600x600bb.jpg,http://www.blogtalkradio.com/deepakchopra/podcast,Self-Help;Podcasts;Health
952917216,How To Talk To Girls Podcast,USA,"TrippAdvice.com | Dating, Sex & Relationship Advice For Men",http://is2.mzstatic.com/image/thumb/Music62/v4/7d/e9/9f/7de99f1c-8a48-e6e6-1ca4-d9b48f2bc8fb/source/60x60bb.jpg,http://is2.mzstatic.com/image/thumb/Music62/v4/7d/e9/9f/7de99f1c-8a48-e6e6-1ca4-d9b48f2bc8fb/source/600x600bb.jpg,http://rss-tsr.s3.amazonaws.com/rss-talk/how-to-talk-to-girls-podcast.xml,Self-Help;Podcasts;Health;Science & Medicine;Social Sciences
472302597,Sexy Marriage Radio,USA,Dr. Corey Allan and Shannon Ethridge,http://is4.mzstatic.com/image/thumb/Music7/v4/56/28/2b/56282b93-0422-3be3-2857-7e077d33eab6/source/60x60bb.jpg,http://is4.mzstatic.com/image/thumb/Music7/v4/56/28/2b/56282b93-0422-3be3-2857-7e077d33eab6/source/600x600bb.jpg,http://feeds.feedburner.com/SexyMarriageRadio,Sexuality;Podcasts;Health;Self-Help;Science & Medicine;Social Sciences
504413684,The WODcast Podcast,USA,"wodcastpodcast.com | The funniest podcast about competitive fitness featuring interviews w/ CrossFit Games & Grid athletes, & coaches.",http://is2.mzstatic.com/image/thumb/Music71/v4/e4/1f/87/e41f8794-81e7-2625-066e-6cc90c711e0e/source/60x60bb.jpg,http://is2.mzstatic.com/image/thumb/Music71/v4/e4/1f/87/e41f8794-81e7-2625-066e-6cc90c711e0e/source/600x600bb.jpg,http://wodcast.libsyn.com/rss,Fitness & Nutrition;Podcasts;Health
1175777581,The Psych Central Show,USA,"Psych Central, Gabe Howard and Vincent M. Wales",http://is3.mzstatic.com/image/thumb/Music71/v4/e2/40/0e/e2400e5e-1fd2-fb50-57c4-e466df108b09/source/60x60bb.jpg,http://is3.mzstatic.com/image/thumb/Music71/v4/e2/40/0e/e2400e5e-1fd2-fb50-57c4-e466df108b09/source/600x600bb.jpg,http://psychcentral.libsyn.com/rss,Self-Help;Podcasts;Health;Science & Medicine;Social Sciences
332309038,Healthy Mind Fit Body,USA,Kevin Koskella and Wes Bertrand | Fitness Healthy Mind Fit Body Nutrition Consultants,http://is4.mzstatic.com/image/thumb/Music62/v4/53/65/ff/5365ff21-7edc-6125-1591-bc6f788d131c/source/60x60bb.jpg,http://is4.mzstatic.com/image/thumb/Music62/v4/53/65/ff/5365ff21-7edc-6125-1591-bc6f788d131c/source/600x600bb.jpg,http://healthymindfitbody.com/feed/podcast,Fitness & Nutrition;Podcasts;Health;Self-Help;Alternative Health
156469473,Exercise-World Fitness Social Network,USA,Exercise-World,http://is5.mzstatic.com/image/thumb/Music6/v4/00/83/44/008344f6-7d9f-2031-39c1-107020839411/source/60x60bb.jpg,http://is5.mzstatic.com/image/thumb/Music6/v4/00/83/44/008344f6-7d9f-2031-39c1-107020839411/source/600x600bb.jpg,http://feeds.feedburner.com/Exerciseradiocom,Fitness & Nutrition;Podcasts;Health
1037181669,Inside Shakeology Podcast,USA,Beachbody,http://is5.mzstatic.com/image/thumb/Music71/v4/2d/e1/1c/2de11c53-fe61-2724-dcd1-6fb1e2dbb013/source/60x60bb.jpg,http://is5.mzstatic.com/image/thumb/Music71/v4/2d/e1/1c/2de11c53-fe61-2724-dcd1-6fb1e2dbb013/source/600x600bb.jpg,http://images.beachbody.com/podcasts/insideshakeology.xml,Fitness & Nutrition;Podcasts;Health;Self-Help;Alternative Health;TV & Film
1202267992,Trim Healthy Podcast with Serene and Pearl,USA,Trim Healthy Mamas,http://is1.mzstatic.com/image/thumb/Music122/v4/73/45/a0/7345a082-e4e2-8d36-5465-a5b56f5f534e/source/60x60bb.jpg,http://is1.mzstatic.com/image/thumb/Music122/v4/73/45/a0/7345a082-e4e2-8d36-5465-a5b56f5f534e/source/600x600bb.jpg,http://feeds.megaphone.fm/trimhealthypodcast,Health;Podcasts
1117116329,"Vibrant Happy Women with Jen Riday | Get happier! Inspired by happiness experts Gretchen Rubin, Tony Robbins, BrenÃ© Brown, Lew",USA,"Dr. Jen Riday | Vibrant Happy Women | Happiness and Life Inspiration | Get Happier! | Inspired by Gretchen Rubin, BrenÃ© Brown, Elizabeth Gilbert, Lewis Howes and Glennon Doyle Melton",http://is1.mzstatic.com/image/thumb/Music122/v4/96/c6/a2/96c6a29b-280d-23b7-5c77-56fed5752393/source/60x60bb.jpg,http://is1.mzstatic.com/image/thumb/Music122/v4/96/c6/a2/96c6a29b-280d-23b7-5c77-56fed5752393/source/600x600bb.jpg,http://vibranthappywomen.libsyn.com/rss,Self-Help;Podcasts;Health;Society & Culture;Personal Journals;Religion & Spirituality;Spirituality
823637079,Radio Headspace,USA,Headspace,http://is5.mzstatic.com/image/thumb/Music6/v4/50/fd/31/50fd311c-2c7f-d527-fdd8-9540d1763ec5/source/60x60bb.jpg,http://is5.mzstatic.com/image/thumb/Music6/v4/50/fd/31/50fd311c-2c7f-d527-fdd8-9540d1763ec5/source/600x600bb.jpg,http://feeds.soundcloud.com/users/soundcloud:users:77542725/sounds.rss,Health;Podcasts
216035304,"Just For Women: Dating, Relationships and Sex with Alissa Kriteman",USA,Alissa Kriteman,http://is1.mzstatic.com/image/thumb/Music/v4/eb/5c/70/eb5c70de-bb47-018d-90b3-6723bc462c35/source/60x60bb.jpg,http://is1.mzstatic.com/image/thumb/Music/v4/eb/5c/70/eb5c70de-bb47-018d-90b3-6723bc462c35/source/600x600bb.jpg,http://podcasts.personallifemedia.com/podcasts/229-just-for-women/feedburner.rss,Self-Help;Podcasts;Health
894712811,The Mating Grounds Podcast,USA,Tucker Max and Dr. Geoffrey Miller,http://is2.mzstatic.com/image/thumb/Music62/v4/89/25/70/89257093-5425-5668-53fe-f2f0fbbe6c26/source/60x60bb.jpg,http://is2.mzstatic.com/image/thumb/Music62/v4/89/25/70/89257093-5425-5668-53fe-f2f0fbbe6c26/source/600x600bb.jpg,http://thematinggrounds.libsyn.com/rss,Sexuality;Podcasts;Health;Science & Medicine;Social Sciences;Self-Help
1058592078,This Life With Dr Drew and Bob Forrest,USA,Playroom Podz,http://is4.mzstatic.com/image/thumb/Music62/v4/73/fc/98/73fc98a4-2fd6-a250-76ae-27a6b53df996/source/60x60bb.jpg,http://is4.mzstatic.com/image/thumb/Music62/v4/73/fc/98/73fc98a4-2fd6-a250-76ae-27a6b53df996/source/600x600bb.jpg,http://thislifewithdrdrewandbobforrest.libsyn.com/rss,Self-Help;Podcasts;Health;Science & Medicine;Society & Culture;Medicine
218993593,Taste of Sex - Reality Audio: A Reality Audio Show on Life in an Orgasm-Based Community,USA,Sean,http://is2.mzstatic.com/image/thumb/Music4/v4/f5/44/50/f5445064-f734-f217-449e-f6376f3bb0e0/source/60x60bb.jpg,http://is2.mzstatic.com/image/thumb/Music4/v4/f5/44/50/f5445064-f734-f217-449e-f6376f3bb0e0/source/600x600bb.jpg,http://feeds.feedburner.com/RealityAudio,Sexuality;Podcasts;Health
81301757,Tranquility du Jour,USA,Kimberly Wilson,http://is2.mzstatic.com/image/thumb/Music62/v4/b2/30/62/b2306261-83fd-355c-e0c2-edddc063b1b7/source/60x60bb.jpg,http://is2.mzstatic.com/image/thumb/Music62/v4/b2/30/62/b2306261-83fd-355c-e0c2-edddc063b1b7/source/600x600bb.jpg,http://hiptranquilchick.libsyn.com/rss,Self-Help;Podcasts;Health;Business;Shopping;Arts;Fashion & Beauty
354627460,Life on the Swingset - The Swinging & Polyamory Podcast,USA,Swingset.FM,http://is5.mzstatic.com/image/thumb/Music62/v4/8c/07/0c/8c070c4a-09df-5d09-c506-f1dd32d8d42c/source/60x60bb.jpg,http://is5.mzstatic.com/image/thumb/Music62/v4/8c/07/0c/8c070c4a-09df-5d09-c506-f1dd32d8d42c/source/600x600bb.jpg,http://swingset.libsyn.com/rss,Sexuality;Podcasts;Health;Self-Help;Society & Culture
202955705,Guided Meditations Video Podcast,USA,Meditation Society of Australia,http://is2.mzstatic.com/image/thumb/Music/v4/63/88/25/6388259d-0727-a691-b425-444fee255e61/source/60x60bb.jpg,http://is2.mzstatic.com/image/thumb/Music/v4/63/88/25/6388259d-0727-a691-b425-444fee255e61/source/600x600bb.jpg,http://meditation.org.au/guidedmeditations.xml,Alternative Health;Podcasts;Health;Religion & Spirituality;Spirituality
1178337794,The Brain Warrior's Way Podcast,USA,Dr Daniel & Tana Amen,http://is2.mzstatic.com/image/thumb/Music122/v4/4c/67/b3/4c67b3f4-2e39-60e8-4efc-0b1b7d6cdb9c/source/60x60bb.jpg,http://is2.mzstatic.com/image/thumb/Music122/v4/4c/67/b3/4c67b3f4-2e39-60e8-4efc-0b1b7d6cdb9c/source/600x600bb.jpg,http://amenclinics.libsyn.com/rss,Fitness & Nutrition;Podcasts;Health;Education;Science & Medicine
834515877,Tracks To Relax Sleep meditations for better sleeping,USA,Tracks To Relax,http://is3.mzstatic.com/image/thumb/Music111/v4/b4/1b/3a/b41b3ac5-1e09-3d19-dc79-0f10c914a56e/source/60x60bb.jpg,http://is3.mzstatic.com/image/thumb/Music111/v4/b4/1b/3a/b41b3ac5-1e09-3d19-dc79-0f10c914a56e/source/600x600bb.jpg,http://podcast.momentsofmagic.com/feed/,Self-Help;Podcasts;Health
195484050,Yoga classes - Live Love Teach - Yoga Teacher Training School,USA,Philip Urso,http://is3.mzstatic.com/image/thumb/Music4/v4/c2/25/b2/c225b267-3700-640e-b466-07fb5c5667ba/source/60x60bb.jpg,http://is3.mzstatic.com/image/thumb/Music4/v4/c2/25/b2/c225b267-3700-640e-b466-07fb5c5667ba/source/600x600bb.jpg,http://philipurso.libsyn.com/rss,Alternative Health;Podcasts;Health;Fitness & Nutrition
1033048640,MWF Motivation Podcast,USA,"Rob Dial: Motivational Speaker, Author and Coach",http://is1.mzstatic.com/image/thumb/Music71/v4/d2/41/ba/d241babb-71d6-428a-f06c-7751239b6dc6/source/60x60bb.jpg,http://is1.mzstatic.com/image/thumb/Music71/v4/d2/41/ba/d241babb-71d6-428a-f06c-7751239b6dc6/source/600x600bb.jpg,http://mwfmotivation.libsyn.com/rss,Self-Help;Podcasts;Health;Education;Business;Higher Education;Careers
535203893,Run to the Top Podcast | The Ultimate Guide to Running,USA,Runners Connect : Running Coaching Community,http://is2.mzstatic.com/image/thumb/Music111/v4/e8/c0/96/e8c09613-24bb-315d-ef48-470c1585714c/source/60x60bb.jpg,http://is2.mzstatic.com/image/thumb/Music111/v4/e8/c0/96/e8c09613-24bb-315d-ef48-470c1585714c/source/600x600bb.jpg,http://runnersconnect.libsyn.com/rss,Fitness & Nutrition;Podcasts;Health;Sports & Recreation;Outdoor;Science & Medicine;Natural Sciences
773207927,"Fat-Burning Man by Abel James (Video Podcast): Real Food, Real Results.",USA,"Abel James, FatBurningMan.com",http://is1.mzstatic.com/image/thumb/Music62/v4/98/28/6b/98286b62-b37e-c16f-0a40-f31c3cd26146/source/60x60bb.jpg,http://is1.mzstatic.com/image/thumb/Music62/v4/98/28/6b/98286b62-b37e-c16f-0a40-f31c3cd26146/source/600x600bb.jpg,http://fatburningman.com/feed/video/,Fitness & Nutrition;Podcasts;Health;Alternative Health
1064835727,The Essential Oil Revolution | An Unofficial Young Living Essential Oils Podcast,USA,Samantha Lee Wright | powered by Revolution Oils,http://is1.mzstatic.com/image/thumb/Music71/v4/9e/f5/94/9ef59449-d6f7-4dd8-4871-690c584e7831/source/60x60bb.jpg,http://is1.mzstatic.com/image/thumb/Music71/v4/9e/f5/94/9ef59449-d6f7-4dd8-4871-690c584e7831/source/600x600bb.jpg,http://revolutionoils.libsyn.com/rss,Alternative Health;Podcasts;Health;Fitness & Nutrition
307906331,Erotic Awakening Podcast,USA,Dan & Dawn,http://is3.mzstatic.com/image/thumb/Music62/v4/a3/be/ea/a3beead8-bc17-6823-0d37-ff4ee1e024a9/source/60x60bb.jpg,http://is3.mzstatic.com/image/thumb/Music62/v4/a3/be/ea/a3beead8-bc17-6823-0d37-ff4ee1e024a9/source/600x600bb.jpg,http://eroticawakening.libsyn.com/rss,Sexuality;Podcasts;Health
1192105323,Fasting Talk,USA,"Jimmy Moore, Jason Fung, MD and Megan Ramos",http://is4.mzstatic.com/image/thumb/Music111/v4/e6/ef/a2/e6efa2de-71fa-711b-aae3-15aa2158b2d4/source/60x60bb.jpg,http://is4.mzstatic.com/image/thumb/Music111/v4/e6/ef/a2/e6efa2de-71fa-711b-aae3-15aa2158b2d4/source/600x600bb.jpg,http://fastingtalk.libsyn.com/rss,Fitness & Nutrition;Podcasts;Health;Alternative Health;Self-Help
1090272358,Learn True Health with Ashley James,USA,"Ashley James Interviews Doctors Like Dr. Wallach, Dr. Andrew Weil, Dr. Deepak Chopra, Dr. Oz & Dr. Joseph Mercola on Naturopathic Medicine, Homeopathy, Supplements, Meditation, Holistic Health and Alternative Health Strategies to Gaining Optimal Health",http://is2.mzstatic.com/image/thumb/Music62/v4/86/35/d0/8635d03a-4726-d683-bd50-ff93a524e053/source/60x60bb.jpg,http://is2.mzstatic.com/image/thumb/Music62/v4/86/35/d0/8635d03a-4726-d683-bd50-ff93a524e053/source/600x600bb.jpg,http://learntruehealth.libsyn.com/rss,Health;Podcasts;Education;Science & Medicine
474722933,London Real,USA,Brian Rose,http://is1.mzstatic.com/image/thumb/Music71/v4/6e/04/80/6e048043-8120-dd79-aa66-b1605cde1c15/source/60x60bb.jpg,http://is1.mzstatic.com/image/thumb/Music71/v4/6e/04/80/6e048043-8120-dd79-aa66-b1605cde1c15/source/600x600bb.jpg,http://shoutengine.com/LondonReal.xml,Self-Help;Podcasts;Health
1169052792,The Balanced Blonde Podcast // Soul On Fire,USA,Jordan Younger,http://is5.mzstatic.com/image/thumb/Music71/v4/fb/07/65/fb076539-bea5-31f5-89c0-e1404c5dfe2f/source/60x60bb.jpg,http://is5.mzstatic.com/image/thumb/Music71/v4/fb/07/65/fb076539-bea5-31f5-89c0-e1404c5dfe2f/source/600x600bb.jpg,http://thebalancedblonde.libsyn.com/rss,Fitness & Nutrition;Podcasts;Health
986759513,Brute Strength Podcast,USA,Brute Strength,http://is1.mzstatic.com/image/thumb/Music41/v4/ee/29/8c/ee298ca8-d19a-8531-cf62-9a2a4e833969/source/60x60bb.jpg,http://is1.mzstatic.com/image/thumb/Music41/v4/ee/29/8c/ee298ca8-d19a-8531-cf62-9a2a4e833969/source/600x600bb.jpg,http://brutestrength.libsyn.com/rss,Fitness & Nutrition;Podcasts;Health;Sports & Recreation
348096293,Anxiety Slayer,USA,Shann Vander Leek & Ananga Sivyer,http://is4.mzstatic.com/image/thumb/Music71/v4/20/38/94/2038946e-42f5-df9c-9a4c-5f3f148307f8/source/60x60bb.jpg,http://is4.mzstatic.com/image/thumb/Music71/v4/20/38/94/2038946e-42f5-df9c-9a4c-5f3f148307f8/source/600x600bb.jpg,http://anxietyslayer.podbean.com/feed/,Self-Help;Podcasts;Health
911502027,JJ Virgin Lifestyle Show,USA,"JJ Virgin, CNS,CHFS  Celebrity Nutrition and Fitness Expert",http://is4.mzstatic.com/image/thumb/Music62/v4/07/8b/09/078b0947-3227-79eb-1eba-0191b8394df1/source/60x60bb.jpg,http://is4.mzstatic.com/image/thumb/Music62/v4/07/8b/09/078b0947-3227-79eb-1eba-0191b8394df1/source/600x600bb.jpg,http://thevirgindietlifestyleshow.libsyn.com/rss,Fitness & Nutrition;Podcasts;Health
271728764,The Nursing Show,USA,"Jamie Davis, RN, NREMTP, BA, AAS",http://is1.mzstatic.com/image/thumb/Music71/v4/cf/1e/c4/cf1ec470-71ca-ea89-9fed-81aa1bbf2ac0/source/60x60bb.jpg,http://is1.mzstatic.com/image/thumb/Music71/v4/cf/1e/c4/cf1ec470-71ca-ea89-9fed-81aa1bbf2ac0/source/600x600bb.jpg,http://www.nursingshow.com/feed/podcast/,Health;Podcasts;Science & Medicine;Medicine
218975501,Taste of Sex - Erotic Poetry: Erotic Poetry Readings,USA,Marcie Prohofsky,http://is5.mzstatic.com/image/thumb/Music/v4/17/82/b1/1782b170-4453-b875-315c-5b7954817a87/source/60x60bb.jpg,http://is5.mzstatic.com/image/thumb/Music/v4/17/82/b1/1782b170-4453-b875-315c-5b7954817a87/source/600x600bb.jpg,http://feeds.feedburner.com/EroticPoetry,Sexuality;Podcasts;Health
999471212,Harder to Kill Radio â€“ Forging Unbreakable Humans,USA,"Steph Gaudreau: Nutritionist, Health Coach, and Athlete",http://is4.mzstatic.com/image/thumb/Music122/v4/ff/4f/c1/ff4fc1fc-5176-3216-b246-31972e84e21c/source/60x60bb.jpg,http://is4.mzstatic.com/image/thumb/Music122/v4/ff/4f/c1/ff4fc1fc-5176-3216-b246-31972e84e21c/source/600x600bb.jpg,http://stupideasypaleo.com/feed/podcast/,Fitness & Nutrition;Podcasts;Health
524227797,The Kickass Life Podcast with David Wood,USA,"David Wood: Entrepreneur, Personal Development Trainer, Business & Personal Strategist",http://is3.mzstatic.com/image/thumb/Music71/v4/45/cc/e2/45cce267-905c-7e7f-d8e1-6d1b0cab99b7/source/60x60bb.jpg,http://is3.mzstatic.com/image/thumb/Music71/v4/45/cc/e2/45cce267-905c-7e7f-d8e1-6d1b0cab99b7/source/600x600bb.jpg,http://www.thekickasslife.com/feed/podcast/,Self-Help;Podcasts;Health;Business;Education;Training;Management & Marketing
356128530,Jillian Michael's Fan Podcast,USA,David Jackson,http://is3.mzstatic.com/image/thumb/Music71/v4/0b/16/4d/0b164d28-138c-2039-2a8c-e94bf53ea2a0/source/60x60bb.jpg,http://is3.mzstatic.com/image/thumb/Music71/v4/0b/16/4d/0b164d28-138c-2039-2a8c-e94bf53ea2a0/source/600x600bb.jpg,http://jillianmichaels.libsyn.com/rss,Fitness & Nutrition;Podcasts;Health;TV & Film
1022122119,I Want It That Way: Bustle on Sex and Relationships,USA,Bustle,http://is2.mzstatic.com/image/thumb/Music62/v4/60/cc/a8/60cca8d2-bcb5-e8be-b676-45db54931160/source/60x60bb.jpg,http://is2.mzstatic.com/image/thumb/Music62/v4/60/cc/a8/60cca8d2-bcb5-e8be-b676-45db54931160/source/600x600bb.jpg,http://rss.acast.com/iwantitthatway,Sexuality;Podcasts;Health;Self-Help
915355770,Organize 365 Podcast,USA,Lisa Woodruff,http://is3.mzstatic.com/image/thumb/Music62/v4/f7/dd/d0/f7ddd09d-ad02-3bf5-6c26-73c4564c22d2/source/60x60bb.jpg,http://is3.mzstatic.com/image/thumb/Music62/v4/f7/dd/d0/f7ddd09d-ad02-3bf5-6c26-73c4564c22d2/source/600x600bb.jpg,http://organize365.libsyn.com/rss,Self-Help;Podcasts;Health;Kids & Family;Society & Culture
403808155,Between the Sheets with Lora Somoza,USA,Between the Sheets with Lora Somoza,http://is1.mzstatic.com/image/thumb/Music62/v4/3c/71/44/3c71449f-801f-256b-9ebe-a40541f7d442/source/60x60bb.jpg,http://is1.mzstatic.com/image/thumb/Music62/v4/3c/71/44/3c71449f-801f-256b-9ebe-a40541f7d442/source/600x600bb.jpg,https://s3.amazonaws.com/betweenthesheetswithlora/feeds/betweenthesheetsrss.xml,Sexuality;Podcasts;Health;Society & Culture;News & Politics
671863400,Muscle for Life,USA,Mike Matthews,http://is3.mzstatic.com/image/thumb/Music71/v4/d6/e0/4f/d6e04f5c-6a3a-8a58-7cde-f030186af17d/source/60x60bb.jpg,http://is3.mzstatic.com/image/thumb/Music71/v4/d6/e0/4f/d6e04f5c-6a3a-8a58-7cde-f030186af17d/source/600x600bb.jpg,http://feeds.soundcloud.com/users/soundcloud:users:87377017/sounds.rss,Fitness & Nutrition;Podcasts;Health
894200695,Katy Says with Katy Bowman,USA,Katy Bowman,http://is4.mzstatic.com/image/thumb/Music62/v4/12/2a/c3/122ac365-4958-1298-4b74-1476a19c6904/source/60x60bb.jpg,http://is4.mzstatic.com/image/thumb/Music62/v4/12/2a/c3/122ac365-4958-1298-4b74-1476a19c6904/source/600x600bb.jpg,http://katysays.libsyn.com/rss,Alternative Health;Podcasts;Health;Education
1183093544,Nutrition Facts with Dr. Greger,USA,"Michael Greger, M.D. FACLM",http://is2.mzstatic.com/image/thumb/Music122/v4/37/9f/18/379f18ad-fe89-e5ad-372f-7dd551eb018a/source/60x60bb.jpg,http://is2.mzstatic.com/image/thumb/Music122/v4/37/9f/18/379f18ad-fe89-e5ad-372f-7dd551eb018a/source/600x600bb.jpg,http://nutritionfacts.org/audio/feed/podcast/,Fitness & Nutrition;Podcasts;Health;Science & Medicine;Medicine;Alternative Health
987724897,Psychology of Eating,USA,Marc David and Emily Rosen,http://is1.mzstatic.com/image/thumb/Music71/v4/54/73/00/54730077-06af-246a-6c80-b78b8b0f6aa6/source/60x60bb.jpg,http://is1.mzstatic.com/image/thumb/Music71/v4/54/73/00/54730077-06af-246a-6c80-b78b8b0f6aa6/source/600x600bb.jpg,http://ipeshow.libsyn.com/rss,Fitness & Nutrition;Podcasts;Health;Education;Training;Science & Medicine
1071472964,"Natural MD Radio | Feel better, Live better",USA,Aviva Romm | Integrative & Functional MD,http://is3.mzstatic.com/image/thumb/Music62/v4/15/d5/eb/15d5eb57-bf4c-6dc8-19d4-b4314e1d1710/source/60x60bb.jpg,http://is3.mzstatic.com/image/thumb/Music62/v4/15/d5/eb/15d5eb57-bf4c-6dc8-19d4-b4314e1d1710/source/600x600bb.jpg,http://avivaromm.libsyn.com/rss,Alternative Health;Podcasts;Health;Science & Medicine;Medicine;Education;Higher Education
996183661,Ask a Clean Person,USA,Jolie Kerr,http://is5.mzstatic.com/image/thumb/Music71/v4/20/51/91/205191ea-ab83-ad63-a302-a1605ebc161c/source/60x60bb.jpg,http://is5.mzstatic.com/image/thumb/Music71/v4/20/51/91/205191ea-ab83-ad63-a302-a1605ebc161c/source/600x600bb.jpg,http://rss.acast.com/askacleanperson,Self-Help;Podcasts;Health
1019070179,Pursuing Health with Julie Foucher,USA,Julie Foucher,http://is4.mzstatic.com/image/thumb/Music62/v4/0a/2b/9e/0a2b9e4e-fb7a-81cd-8ee8-af18882e2407/source/60x60bb.jpg,http://is4.mzstatic.com/image/thumb/Music62/v4/0a/2b/9e/0a2b9e4e-fb7a-81cd-8ee8-af18882e2407/source/600x600bb.jpg,http://juliefoucher.com/feed/podcast/,Fitness & Nutrition;Podcasts;Health;Science & Medicine;Medicine
1046205131,Happy Black Woman Podcast with Rosetta Thurman,USA,"Features Interviews with Inspiring Entrepreneurs Like Dr. Venus Opal Reese, Lisa Nichols, Kim Coles, and Molesey Crawford",http://is1.mzstatic.com/image/thumb/Music122/v4/1e/08/e7/1e08e736-5067-127b-28a4-3d454a19df8c/source/60x60bb.jpg,http://is1.mzstatic.com/image/thumb/Music122/v4/1e/08/e7/1e08e736-5067-127b-28a4-3d454a19df8c/source/600x600bb.jpg,http://happyblackwoman.libsyn.com/rss,Self-Help;Podcasts;Health;Education;Training;Business;Careers
218155493,"The Mountain Top For Men | The Art Of Dating Advice, Relationships, Masculine Charm, Self Improvement, Confidence, Adventure, B",USA,"Scot McKay | Dating Coach | The Chick Whisperer | Women, Seduction, Sex, Happiness, Entrepreneurship, Biohacking, Success",http://is2.mzstatic.com/image/thumb/Music111/v4/58/60/0e/58600ead-21c9-efd5-f700-ece22dfdbbb2/source/60x60bb.jpg,http://is2.mzstatic.com/image/thumb/Music111/v4/58/60/0e/58600ead-21c9-efd5-f700-ece22dfdbbb2/source/600x600bb.jpg,http://thechickwhisperer.libsyn.com/rss,Sexuality;Podcasts;Health;Self-Help;Alternative Health
954984769,Primal Potential - The Anti-Diet Solution to Mastering Fat Loss Naturally,USA,Primal Potential with Elizabeth Benton,http://is4.mzstatic.com/image/thumb/Music71/v4/61/96/93/61969364-e180-68ff-7f15-298de321a7df/source/60x60bb.jpg,http://is4.mzstatic.com/image/thumb/Music71/v4/61/96/93/61969364-e180-68ff-7f15-298de321a7df/source/600x600bb.jpg,http://primalpotential.libsyn.com/rss,Fitness & Nutrition;Podcasts;Health;Self-Help
1122095672,Talk Healthy Today,USA,RadioMD,http://is4.mzstatic.com/image/thumb/Music122/v4/28/95/2e/28952ec8-75e6-e7be-64eb-72588d2d36c7/source/60x60bb.jpg,http://is4.mzstatic.com/image/thumb/Music122/v4/28/95/2e/28952ec8-75e6-e7be-64eb-72588d2d36c7/source/600x600bb.jpg,http://feeds.feedburner.com/RadioMD/TalkHealthyToday,Alternative Health;Podcasts;Health
292263838,The Work of Byron Katie,USA,Byron Katie,http://is5.mzstatic.com/image/thumb/Music62/v4/4f/5e/b8/4f5eb88b-7ef0-4701-b5f8-bf911ab3cb6f/source/60x60bb.jpg,http://is5.mzstatic.com/image/thumb/Music62/v4/4f/5e/b8/4f5eb88b-7ef0-4701-b5f8-bf911ab3cb6f/source/600x600bb.jpg,http://podcast.thework.com/theworkofbyronkatie.xml,Self-Help;Podcasts;Health
998025672,Actualized.org,USA,Leo Gura,http://is1.mzstatic.com/image/thumb/Music62/v4/27/f9/05/27f9051f-1488-5d8f-2099-0fa7006fa03c/source/60x60bb.jpg,http://is1.mzstatic.com/image/thumb/Music62/v4/27/f9/05/27f9051f-1488-5d8f-2099-0fa7006fa03c/source/600x600bb.jpg,https://www.actualized.org/itunes.xml,Self-Help;Podcasts;Health
74391974,Gay Talk Podcast,USA,- Gay Boys - With Gay Paulie and Gay Evan who are both so Gay Gay Gay Gay Gay Gay Gay,http://is3.mzstatic.com/image/thumb/Music62/v4/50/64/87/50648727-8023-ed98-448a-69853279d74c/source/60x60bb.jpg,http://is3.mzstatic.com/image/thumb/Music62/v4/50/64/87/50648727-8023-ed98-448a-69853279d74c/source/600x600bb.jpg,http://gayporntalk.libsyn.com/rss,Sexuality;Podcasts;Health
1066154319,"Sleep with Silk: Nature Sounds (to help insomnia, anxiety, stress, relax, focus, meditate, ASMR)",USA,Sleep with Silk - Nature Sounds and ASMR,http://is2.mzstatic.com/image/thumb/Music71/v4/aa/6d/0f/aa6d0fdb-5b98-622e-e660-c0de433d2d6b/source/60x60bb.jpg,http://is2.mzstatic.com/image/thumb/Music71/v4/aa/6d/0f/aa6d0fdb-5b98-622e-e660-c0de433d2d6b/source/600x600bb.jpg,http://feeds.feedburner.com/silknature,Alternative Health;Podcasts;Health;Self-Help;Religion & Spirituality;Spirituality;Fitness & Nutrition
553710453,The Paleo View,USA,Stacy Toth and Sarah Ballantyne,http://is2.mzstatic.com/image/thumb/Music62/v4/7e/41/64/7e416423-e602-24cf-f284-e5b5b6d3d978/source/60x60bb.jpg,http://is2.mzstatic.com/image/thumb/Music62/v4/7e/41/64/7e416423-e602-24cf-f284-e5b5b6d3d978/source/600x600bb.jpg,http://thepaleoview.podbean.com/feed/,Fitness & Nutrition;Podcasts;Health
268822504,Recovered Podcast - The Unofficial Alcoholics Anonymous AA Recovery Podcast for The Alcoholic Addict and Al-Anon,USA,Mark S.,http://is2.mzstatic.com/image/thumb/Music71/v4/3e/b2/26/3eb226e1-aec4-753b-c3b7-1dfeb6f23ccd/source/60x60bb.jpg,http://is2.mzstatic.com/image/thumb/Music71/v4/3e/b2/26/3eb226e1-aec4-753b-c3b7-1dfeb6f23ccd/source/600x600bb.jpg,http://talktherapy.libsyn.com/rss,Self-Help;Podcasts;Health;Religion & Spirituality
1032202794,Women Wanting More | Balance | Love| Connection| Money | Sex,USA,"Dr. Karen Osburn | Women Wanting More is THE podcast for women who want to have MORE in all aspects of their life.  This podcast has been influenced by the work of Garrett J. White from Warrior on Fire, Brene Brown, Danielle LaPorte, Glennon Doyle Melton",http://is4.mzstatic.com/image/thumb/Music71/v4/9e/bc/c6/9ebcc6bb-6c8b-c925-b931-43d4c8c8546e/source/60x60bb.jpg,http://is4.mzstatic.com/image/thumb/Music71/v4/9e/bc/c6/9ebcc6bb-6c8b-c925-b931-43d4c8c8546e/source/600x600bb.jpg,http://womenwantingmore.libsyn.com/rss,Self-Help;Podcasts;Health;Society & Culture;Alternative Health;Personal Journals
901522135,Hay House World Summit,USA,Hay House,http://is4.mzstatic.com/image/thumb/Music71/v4/5b/3f/5d/5b3f5d34-4c60-375c-5674-b44672c1ef2d/source/60x60bb.jpg,http://is4.mzstatic.com/image/thumb/Music71/v4/5b/3f/5d/5b3f5d34-4c60-375c-5674-b44672c1ef2d/source/600x600bb.jpg,http://hayhousepod.hayhouse.libsynpro.com/rss,Self-Help;Podcasts;Health;Religion & Spirituality
1108669193,The Energy Healing Podcast || Happiness | Life | Inspiration | Success| Health | Motivation,USA,Tara Williams,http://is3.mzstatic.com/image/thumb/Music71/v4/66/29/2b/66292b9f-6858-f35a-595e-b6c751aa5af5/source/60x60bb.jpg,http://is3.mzstatic.com/image/thumb/Music71/v4/66/29/2b/66292b9f-6858-f35a-595e-b6c751aa5af5/source/600x600bb.jpg,http://theenergyhealingpodcast.libsyn.com/rss,Self-Help;Podcasts;Health;Alternative Health
1073460738,Untangle,USA,Meditation Studio,http://is5.mzstatic.com/image/thumb/Music62/v4/f4/f2/32/f4f23236-71d4-c1e6-e437-9516aacc2c64/source/60x60bb.jpg,http://is5.mzstatic.com/image/thumb/Music62/v4/f4/f2/32/f4f23236-71d4-c1e6-e437-9516aacc2c64/source/600x600bb.jpg,http://feeds.soundcloud.com/users/soundcloud:users:198659804/sounds.rss,Alternative Health;Podcasts;Health
999487887,The Ketovangelist Podcast,USA,Brian Williamson,http://is2.mzstatic.com/image/thumb/Music71/v4/33/88/6c/33886c0b-771e-79da-1542-b279e6247f5c/source/60x60bb.jpg,http://is2.mzstatic.com/image/thumb/Music71/v4/33/88/6c/33886c0b-771e-79da-1542-b279e6247f5c/source/600x600bb.jpg,https://www.ketovangelist.com/category/podcast/feed/,Fitness & Nutrition;Podcasts;Health;Education;Training;Alternative Health
163098962,"""Diet and Fitness Podcasts by Diet.com""",USA,Diet.com (Lady Diet),http://is2.mzstatic.com/image/thumb/Music/v4/07/5a/76/075a76bc-407f-de8e-eacf-cf82b03d7061/source/60x60bb.jpg,http://is2.mzstatic.com/image/thumb/Music/v4/07/5a/76/075a76bc-407f-de8e-eacf-cf82b03d7061/source/600x600bb.jpg,http://www.diet.com/podcast/rss.xml,Fitness & Nutrition;Podcasts;Health
528427969,Sex Out Loud with Tristan Taormino,USA,Tristan Taormino,http://is1.mzstatic.com/image/thumb/Music/v4/c7/12/7e/c7127ee8-4e5e-16fb-7f8f-eb6126c47706/source/60x60bb.jpg,http://is1.mzstatic.com/image/thumb/Music/v4/c7/12/7e/c7127ee8-4e5e-16fb-7f8f-eb6126c47706/source/600x600bb.jpg,http://www.voiceamerica.com/rss/itunes/2096,Sexuality;Podcasts;Health
1190943472,The Purposeful Home Podcast,USA,Allie Casazza & Kelsey Van Kirk,http://is2.mzstatic.com/image/thumb/Music111/v4/d4/59/fc/d459fcfe-d3b7-a7fd-9137-0d311d2648df/source/60x60bb.jpg,http://is2.mzstatic.com/image/thumb/Music111/v4/d4/59/fc/d459fcfe-d3b7-a7fd-9137-0d311d2648df/source/600x600bb.jpg,http://thepurposefulhomepodcast.libsyn.com/rss,Self-Help;Podcasts;Health;Religion & Spirituality;Kids & Family;Christianity
1048384003,Conversation With Alanis Morissette,USA,Alanis Morissette,http://is5.mzstatic.com/image/thumb/Music62/v4/5f/94/ca/5f94ca67-6493-0752-8b19-069a9793d03d/source/60x60bb.jpg,http://is5.mzstatic.com/image/thumb/Music62/v4/5f/94/ca/5f94ca67-6493-0752-8b19-069a9793d03d/source/600x600bb.jpg,http://feeds.feedburner.com/alanismorissette,Self-Help;Podcasts;Health;Society & Culture;Philosophy
985005895,The Slow Home Podcast with Brooke McAlary,USA,Jackrabbit.FM,http://is3.mzstatic.com/image/thumb/Music71/v4/f6/c2/e8/f6c2e87e-2826-e3ad-0060-7cf51cd98581/source/60x60bb.jpg,http://is3.mzstatic.com/image/thumb/Music71/v4/f6/c2/e8/f6c2e87e-2826-e3ad-0060-7cf51cd98581/source/600x600bb.jpg,http://www.omnycontent.com/d/playlist/243ccf3a-ffca-4fdf-a788-a5c500074b35/43df0b2b-b493-4a4a-9103-a5c500084ecf/f796ee5f-d51d-4719-bbac-a5c500084edd/podcast.rss,Self-Help;Podcasts;Health;Society & Culture;Personal Journals
1087153823,Drop of Inspiration,USA,Young Living Essential Oils,http://is1.mzstatic.com/image/thumb/Music69/v4/d9/0b/b0/d90bb08e-f768-1564-f642-51a44ef6f048/source/60x60bb.jpg,http://is1.mzstatic.com/image/thumb/Music69/v4/d9/0b/b0/d90bb08e-f768-1564-f642-51a44ef6f048/source/600x600bb.jpg,https://www.youngliving.com/podcast/feed/podcast,Alternative Health;Podcasts;Health;Business;Management & Marketing;Fitness & Nutrition
1042454970,"Affirmation Pod - Affirmations, Meditations, Visualizations | Self-Care | Personal Development | Positive Thinking",USA,"Josie Ong: Health, Wellness and Life Coach, Addictions Counselor and Support Group Facilitator",http://is2.mzstatic.com/image/thumb/Music122/v4/86/52/38/865238af-d021-a702-69ad-130ca3871a66/source/60x60bb.jpg,http://is2.mzstatic.com/image/thumb/Music122/v4/86/52/38/865238af-d021-a702-69ad-130ca3871a66/source/600x600bb.jpg,http://feeds.feedburner.com/AffirmationPod,Self-Help;Podcasts;Health;Religion & Spirituality;Spirituality;Alternative Health;Science & Medicine
272888845,Kinsey Confidential,USA,The Kinsey Institute,http://is5.mzstatic.com/image/thumb/Music4/v4/17/da/86/17da8668-cd84-4795-0eb8-89f054450028/source/60x60bb.jpg,http://is5.mzstatic.com/image/thumb/Music4/v4/17/da/86/17da8668-cd84-4795-0eb8-89f054450028/source/600x600bb.jpg,http://feeds.feedburner.com/KinseyConfidential,Sexuality;Podcasts;Health
920885486,Hypnosis | Hypnotherapy | Life Coaching | Meditations and Self Help by Mike Sweet and Paula Sweet,USA,"Paula Sweet of Absolute Mind Delivers Free, Powerful Life Changing Hypnosis, Meditations and Mindfulness Podcasts",http://is1.mzstatic.com/image/thumb/Music71/v4/8e/da/a4/8edaa4e7-7613-d5b4-e161-916fb73655be/source/60x60bb.jpg,http://is1.mzstatic.com/image/thumb/Music71/v4/8e/da/a4/8edaa4e7-7613-d5b4-e161-916fb73655be/source/600x600bb.jpg,http://absolutemind.libsyn.com/rss,Self-Help;Podcasts;Health;Alternative Health
312831485,"More Attention, Less Deficit",USA,Dr. Ari Tuckman,http://is2.mzstatic.com/image/thumb/Music62/v4/64/e2/94/64e29467-289e-e90b-bd90-48706f664524/source/60x60bb.jpg,http://is2.mzstatic.com/image/thumb/Music62/v4/64/e2/94/64e29467-289e-e90b-bd90-48706f664524/source/600x600bb.jpg,http://adultadhdbook.com/?feed=podcast,Self-Help;Podcasts;Health
674900361,Girls Gone WOD Podcast,USA,Joy Parrish and Claire Koch,http://is4.mzstatic.com/image/thumb/Music62/v4/f4/c3/57/f4c3576d-efb2-d96c-d66a-9a58a40a9f12/source/60x60bb.jpg,http://is4.mzstatic.com/image/thumb/Music62/v4/f4/c3/57/f4c3576d-efb2-d96c-d66a-9a58a40a9f12/source/600x600bb.jpg,http://girlsgonewodpodcast.com/feed/podcast,Fitness & Nutrition;Podcasts;Health
1087851721,The Faster Than Normal Podcast: ADD | ADHD | Health,USA,Peter Shankman,http://is5.mzstatic.com/image/thumb/Music62/v4/71/8b/e4/718be430-da60-a383-a395-f108871c7447/source/60x60bb.jpg,http://is5.mzstatic.com/image/thumb/Music62/v4/71/8b/e4/718be430-da60-a383-a395-f108871c7447/source/600x600bb.jpg,http://fasterthannormal.libsyn.com/rss,Self-Help;Podcasts;Health
963622196,On Air with Ella | Live Better. Start Now.,USA,Your best self is within reach - join us! Confidence | Motivation | Personal Development | Wellness | Fitness | Real Food Nutrition,http://is2.mzstatic.com/image/thumb/Music71/v4/3b/9e/e4/3b9ee4c1-f54c-d8df-fb74-2806b96bcf98/source/60x60bb.jpg,http://is2.mzstatic.com/image/thumb/Music71/v4/3b/9e/e4/3b9ee4c1-f54c-d8df-fb74-2806b96bcf98/source/600x600bb.jpg,http://onairwithella.libsyn.com/rss,Self-Help;Podcasts;Health;Business;Fitness & Nutrition;Management & Marketing
253396893,Enlightened Sex with Suzie Heumann,USA,Suzie Heumann,http://is2.mzstatic.com/image/thumb/Music/v4/ec/65/48/ec65486a-1f9d-2b85-954b-a4171ffc9077/source/60x60bb.jpg,http://is2.mzstatic.com/image/thumb/Music/v4/ec/65/48/ec65486a-1f9d-2b85-954b-a4171ffc9077/source/600x600bb.jpg,http://www.tantratalkradio.com/enlightenedsex/enlightened_sex.xml,Sexuality;Podcasts;Health
1163094296,The Quote of the Day Show,USA,Sean Croxton,http://is1.mzstatic.com/image/thumb/Music62/v4/1a/91/d6/1a91d62c-b39a-a074-9690-3a8558791063/source/60x60bb.jpg,http://is1.mzstatic.com/image/thumb/Music62/v4/1a/91/d6/1a91d62c-b39a-a074-9690-3a8558791063/source/600x600bb.jpg,http://quoteofthedayshow.libsyn.com/rss,Self-Help;Podcasts;Health
1117951237,Black Girl In Om,USA,Lauren Ash and Zakkiyyah Najeebah,http://is5.mzstatic.com/image/thumb/Music71/v4/b0/a9/ff/b0a9ff64-9f59-cc69-c8e2-2be9ef11ae64/source/60x60bb.jpg,http://is5.mzstatic.com/image/thumb/Music71/v4/b0/a9/ff/b0a9ff64-9f59-cc69-c8e2-2be9ef11ae64/source/600x600bb.jpg,https://simplecast.com/podcasts/1996/rss,Alternative Health;Podcasts;Health;Arts;Visual Arts
591709101,The Mike Dolce Show,USA,Mike Dolce - Creator of The Dolce Diet,http://is3.mzstatic.com/image/thumb/Music62/v4/56/9d/e9/569de978-454a-1e26-f8ee-c9695f6fcdbe/source/60x60bb.jpg,http://is3.mzstatic.com/image/thumb/Music62/v4/56/9d/e9/569de978-454a-1e26-f8ee-c9695f6fcdbe/source/600x600bb.jpg,http://themikedolceshow.com/feed/podcast/,Fitness & Nutrition;Podcasts;Health;Sports & Recreation
895902493,"The Productive Woman | Productivity, Time Management, and Organization for Busy Women",USA,Laura McClellan | Noodle.mx Network,http://is2.mzstatic.com/image/thumb/Music62/v4/88/5a/d9/885ad922-ddfb-7a88-e34a-196e56165707/source/60x60bb.jpg,http://is2.mzstatic.com/image/thumb/Music62/v4/88/5a/d9/885ad922-ddfb-7a88-e34a-196e56165707/source/600x600bb.jpg,http://feeds.feedburner.com/TheProductiveWoman,Self-Help;Podcasts;Health;Business;Management & Marketing;Kids & Family
671958238,Revelation Wellness- Healthy & Whole,USA,Alisa Keeton,http://is2.mzstatic.com/image/thumb/Music111/v4/11/9f/12/119f12ff-6f07-366b-9d40-94594e06a713/source/60x60bb.jpg,http://is2.mzstatic.com/image/thumb/Music111/v4/11/9f/12/119f12ff-6f07-366b-9d40-94594e06a713/source/600x600bb.jpg,http://akafitness.libsyn.com/rss,Fitness & Nutrition;Podcasts;Health;Religion & Spirituality;Christianity
973579797,Joe DeFranco's Industrial Strength Show,USA,Play.it,http://is4.mzstatic.com/image/thumb/Music71/v4/a3/98/4c/a3984c1f-ff77-29c8-2bfc-0282b4c27fb0/source/60x60bb.jpg,http://is4.mzstatic.com/image/thumb/Music71/v4/a3/98/4c/a3984c1f-ff77-29c8-2bfc-0282b4c27fb0/source/600x600bb.jpg,https://api.radio.com/v2/podcast/rss/1431?format=MP3_128K,Fitness & Nutrition;Podcasts;Health;Sports & Recreation
85502512,"Vegan Radio - News, information, guests, media, humor, and vegan-sexuals.",USA,Vegan Radio,http://is1.mzstatic.com/image/thumb/Music/v4/67/cb/20/67cb202a-454a-45bf-2f1e-66dfd5542f7a/source/60x60bb.jpg,http://is1.mzstatic.com/image/thumb/Music/v4/67/cb/20/67cb202a-454a-45bf-2f1e-66dfd5542f7a/source/600x600bb.jpg,http://veganradio.com/podcast,Fitness & Nutrition;Podcasts;Health;Alternative Health;Religion & Spirituality;Spirituality
1170629044,Chasing Excellence with Ben Bergeron,USA,Built by Bergeron,http://is1.mzstatic.com/image/thumb/Music71/v4/2f/ee/c2/2feec261-1c4e-c283-67f2-7e4b8167623b/source/60x60bb.jpg,http://is1.mzstatic.com/image/thumb/Music71/v4/2f/ee/c2/2feec261-1c4e-c283-67f2-7e4b8167623b/source/600x600bb.jpg,http://feeds.soundcloud.com/users/soundcloud:users:264224590/sounds.rss,Health;Podcasts
1086736152,2 Keto Dudes,USA,Carl Franklin,http://is4.mzstatic.com/image/thumb/Music49/v4/26/aa/b1/26aab181-df93-4f55-2966-39909368ff67/source/60x60bb.jpg,http://is4.mzstatic.com/image/thumb/Music49/v4/26/aa/b1/26aab181-df93-4f55-2966-39909368ff67/source/600x600bb.jpg,http://pwop.com/feed.aspx?show=2ketodudes,Fitness & Nutrition;Podcasts;Health
642215846,Your Kick Ass Life Podcast,USA,Andrea Owen,http://is2.mzstatic.com/image/thumb/Music62/v4/d4/7f/d1/d47fd157-af1a-0c09-e87f-ced63a133742/source/60x60bb.jpg,http://is2.mzstatic.com/image/thumb/Music62/v4/d4/7f/d1/d47fd157-af1a-0c09-e87f-ced63a133742/source/600x600bb.jpg,http://yourkickasslife.libsyn.com/rss,Self-Help;Podcasts;Health
1076782197,"Your Motivational High 5 | 5-Minute Inspiration, Motivation, Positivity, Mental Health, Self-Help, Esteem, Improvement, Growth",USA,TheStoryShop.tv,http://is4.mzstatic.com/image/thumb/Music71/v4/67/d5/28/67d528be-98c1-eb38-93f1-58188d0b4c13/source/60x60bb.jpg,http://is4.mzstatic.com/image/thumb/Music71/v4/67/d5/28/67d528be-98c1-eb38-93f1-58188d0b4c13/source/600x600bb.jpg,http://yourmotivationalhigh5.libsyn.com/rss,Self-Help;Podcasts;Health;Religion & Spirituality;Spirituality;Society & Culture;Philosophy
541602331,SANE Show: Eat More. Lose More. Smile More. with Jonathan Bailor,USA,Jonathan Bailor,http://is2.mzstatic.com/image/thumb/Music71/v4/5d/8a/9b/5d8a9bd8-3866-f870-402c-1c615805704c/source/60x60bb.jpg,http://is2.mzstatic.com/image/thumb/Music71/v4/5d/8a/9b/5d8a9bd8-3866-f870-402c-1c615805704c/source/600x600bb.jpg,http://sanesolution.libsyn.com/rss,Fitness & Nutrition;Podcasts;Health;Alternative Health;Self-Help
1070598794,"Weight Loss Made Real: How real women lose weight, stop overeating, and find authentic happiness.",USA,"Cookie Rosenblum, M.A., Master Weight Loss Coach, Author, And Life Coach School Master Instructor",http://is4.mzstatic.com/image/thumb/Music62/v4/eb/90/24/eb902486-f4d0-1b76-e165-6dece4354b38/source/60x60bb.jpg,http://is4.mzstatic.com/image/thumb/Music62/v4/eb/90/24/eb902486-f4d0-1b76-e165-6dece4354b38/source/600x600bb.jpg,http://realweightlossrealwomen.com/feed/podcast/,Self-Help;Podcasts;Health;Fitness & Nutrition;Alternative Health
