"id","title","country","author","image_url","feed_url","genres"
"83927625","Photoshop User TV","USA","Kelby Media Group","http://is1.mzstatic.com/image/thumb/Music71/v4/87/6f/3c/876f3c60-dc6c-541c-ea6c-882f138f5e62/source/60x60bb.jpg","http://kelbytv.com/photoshopusertv/video/","Software How-To;Podcasts;Technology"
"124921198","Adobe Creative Cloud TV","USA","Terry White","http://is3.mzstatic.com/image/thumb/Music62/v4/56/a0/7a/56a07a65-9d38-a6ef-71db-66400e6e46af/source/60x60bb.jpg","http://cspodcast.libsyn.com/rss","Software How-To;Podcasts;Technology"
"73330785","The Mac Observer's Mac Geek Gab Enhanced","USA","Dave Hamilton & John F. Braun","http://is2.mzstatic.com/image/thumb/Music6/v4/e4/5c/a6/e45ca6fd-aa85-e1ed-49a3-3697ab1f7612/source/60x60bb.jpg","http://www.macgeekgab.com/rss/mgg_aac.xml","Software How-To;Podcasts;Technology"
"274696205","Tekzilla","USA","Revision3","http://is4.mzstatic.com/image/thumb/Music62/v4/83/06/65/830665e3-1a50-842a-9812-ed4e53d7beec/source/60x60bb.jpg","http://revision3.com/tekzilla/itunes/mp4-hd30/","Software How-To;Podcasts;Technology;Tech News"
"204006901","Lightroom Killer Tips","USA","Kelby Media Group","http://is5.mzstatic.com/image/thumb/Music71/v4/56/b4/04/56b40419-6db3-eb14-7873-670bdf6dec1c/source/60x60bb.jpg","http://kelbytv.com/lightroomkillertips/video/","Software How-To;Podcasts;Technology"
"415535037","Back to Work","USA","5by5","http://is1.mzstatic.com/image/thumb/Music62/v4/58/81/b2/5881b27a-10d0-9ae3-5b44-74b7ace29274/source/60x60bb.jpg","http://feeds.5by5.tv/b2w","Software How-To;Podcasts;Technology;Tech News"
"220400371","MacMost Now - Mac Tutorials","USA","MacMost","http://is1.mzstatic.com/image/thumb/Music122/v4/58/10/fb/5810fbb8-db86-5fc1-6fd5-b6a47ed8e1f9/source/60x60bb.jpg","http://feeds2.feedburner.com/MacMost","Software How-To;Podcasts;Technology;Gadgets;Tech News"
"120906714","Software Engineering Radio - The Podcast for Professional Software Developers","USA","SE-Radio Team","http://is3.mzstatic.com/image/thumb/Music62/v4/17/fd/74/17fd7481-fcd0-621f-aa27-bbb8e1ebb635/source/60x60bb.jpg","http://feeds.feedburner.com/se-radio","Software How-To;Podcasts;Technology"
"313417425","CNET How To (HD)","USA","CNET.com","http://is5.mzstatic.com/image/thumb/Music71/v4/24/c0/a5/24c0a5d0-25b5-f152-39c7-1667d6c638c2/source/60x60bb.jpg","http://feed.cnet.com/feed/podcast/how-to-video/hd.xml","Software How-To;Podcasts;Technology;Education;Training"
"116073210","Adobe ® Photoshop® Lightroom ™","USA","Adobe Systems Inc.","http://is3.mzstatic.com/image/thumb/Music2/v4/fe/6d/44/fe6d44b2-316f-08c4-cd07-e6c90d06b26b/source/60x60bb.jpg","http://rss.adobe.com/www/special/light_room.rss","Software How-To;Podcasts;Technology"
"264558973","Layers TV","USA","Kelby Media Group","http://is2.mzstatic.com/image/thumb/Music71/v4/7f/19/27/7f192749-acf6-ed81-f8d1-99904041da80/source/60x60bb.jpg","http://kelbytv.com/layerstv/video/","Software How-To;Podcasts;Technology"
"303170487","Hak5","USA","Revision3","http://is3.mzstatic.com/image/thumb/Music62/v4/09/11/ab/0911abfa-1465-cb89-30f3-5c58a8db20b4/source/60x60bb.jpg","http://revision3.com/hak5/itunes/mp4-hd30/","Software How-To;Podcasts;Technology"
"427166321","Programming Throwdown","USA","Patrick Wheeler and Jason Gauci","http://is1.mzstatic.com/image/thumb/Music71/v4/51/95/09/5195092c-e736-526a-9db0-3a12ef6004fa/source/60x60bb.jpg","http://feeds.feedburner.com/ProgrammingThrowdown","Software How-To;Podcasts;Technology"
"341623264","The Changelog","USA","Changelog Media","http://is2.mzstatic.com/image/thumb/Music62/v4/8d/86/a3/8d86a3f8-d917-e6e2-9750-f67eb4c6eea0/source/60x60bb.jpg","https://changelog.com/podcast/feed","Software How-To;Podcasts;Technology;Tech News"
"117488860","Hanselminutes","USA","Scott Hanselman","http://is1.mzstatic.com/image/thumb/Music71/v4/55/9d/03/559d03b2-8575-3f33-b8c9-b00facb40d9e/source/60x60bb.jpg","http://feeds.podtrac.com/9dPm65vdpLL1","Software How-To;Podcasts;Technology;Gadgets"
"206404080","Creative Photoshop with John Reuter","USA","John Reuter","http://is4.mzstatic.com/image/thumb/Music/v4/57/84/a8/5784a82e-a286-0d55-264a-7a8916cfcef8/source/60x60bb.jpg","http://johnreuter.libsyn.com/rss","Software How-To;Podcasts;Technology;Arts;Visual Arts"
"255434567","MacBreak Tech","USA","John Foster, Kenji Kato, Ben Durbin, Craig Syverson","http://is1.mzstatic.com/image/thumb/Music4/v4/9a/db/47/9adb472d-4fbe-0c3a-d97b-09ba0b2c7326/source/60x60bb.jpg","http://feeds.feedburner.com/MacbreakTech","Software How-To;Podcasts;Technology;Education;Gadgets"
"264659389","All CNET Video Podcasts (SD)","USA","CNET.com","http://is3.mzstatic.com/image/thumb/Music71/v4/e9/25/c6/e925c666-ebd2-51b9-d4a2-97d743bb4082/source/60x60bb.jpg","http://feed.cnet.com/feed/podcast/all.xml","Software How-To;Podcasts;Technology"
"130068596",".NET Rocks!","USA","Carl Franklin and Richard Campbell","http://is4.mzstatic.com/image/thumb/Music4/v4/df/cf/a7/dfcfa746-ee08-2ea1-2bb1-7330a854fbd8/source/60x60bb.jpg","http://feeds.feedburner.com/netRocksFullMp3Downloads","Software How-To;Podcasts;Technology"
"287113664","MacBreak Studio","USA","Alex Lindsay, Mark Spencer, Steve Martin, and Brian Gary","http://is5.mzstatic.com/image/thumb/Music4/v4/2c/22/7d/2c227d3f-ef6c-de8f-74be-883614826481/source/60x60bb.jpg","http://feeds.feedburner.com/MacBreakStudio","Software How-To;Podcasts;Technology;Education;Podcasting"
"769189585","Coding Blocks | Software and Web Programming / Security / Best Practices / Microsoft .NET","USA","CodingBlocks.NET : Allen Underwood, Michael Outlaw, Joe Zack : Software Developers","http://is2.mzstatic.com/image/thumb/Music122/v4/79/87/31/7987315f-cbfd-473c-44f3-28f4a5c9f318/source/60x60bb.jpg","http://feeds.podtrac.com/tBPkjrcL0_m0","Software How-To;Podcasts;Technology;Education;Training"
"404064215","Build and Analyze","USA","5by5","http://is3.mzstatic.com/image/thumb/Music71/v4/7f/72/6c/7f726c42-956c-ad5b-98bc-bc55a0324d4c/source/60x60bb.jpg","http://feeds.5by5.tv/buildanalyze","Software How-To;Podcasts;Technology;Tech News"
"218282043","RailsCasts","USA","Ryan Bates","http://is3.mzstatic.com/image/thumb/Music71/v4/a1/d7/4f/a1d74f68-1906-94ec-5a73-989cce00f28f/source/60x60bb.jpg","http://feeds.feedburner.com/railscasts","Software How-To;Podcasts;Technology;Education;Training"
"979020229","Talk Python To Me - Python conversations for passionate developers","USA","Michael Kennedy (@mkennedy)","http://is1.mzstatic.com/image/thumb/Music71/v4/7a/24/c8/7a24c86f-e405-1b2d-1ed4-744b4b73e17c/source/60x60bb.jpg","https://talkpython.fm/episodes/rss","Software How-To;Podcasts;Technology"
"75490976","One Minute Tip - Photoshop Wednesdays (Fullscreen)","USA","John W Chambers","http://is5.mzstatic.com/image/thumb/Music/v4/56/23/98/56239851-1c85-b891-f3f7-01fb9e8d9d9a/source/60x60bb.jpg","http://www.newmediamanuals.com/podcast/videos/video.xml","Software How-To;Podcasts;Technology;Education;Training"
"563933198","Macworld","USA","Macworld","http://is1.mzstatic.com/image/thumb/Music62/v4/b6/c0/21/b6c02123-0e25-f3c7-e155-a1531b4bafc7/source/60x60bb.jpg","http://feeds.soundcloud.com/users/soundcloud:users:58576458/sounds.rss","Software How-To;Podcasts;Technology"
"273881728","CSS-Tricks Screencasts","USA","Chris Coyier","http://is5.mzstatic.com/image/thumb/Music4/v4/76/81/91/76819192-7aea-cd2d-45c5-a0cee73b1bbf/source/60x60bb.jpg","http://feeds.feedburner.com/CSS-Tricks-Screencasts","Software How-To;Podcasts;Technology"
"474557774","Tech Talker's Quick and Dirty Tips to Navigate the Digital World","USA","QuickAndDirtyTips.com","http://is5.mzstatic.com/image/thumb/Music71/v4/b2/d5/67/b2d56740-25a2-86a6-cb8e-df5695165559/source/60x60bb.jpg","http://www.quickanddirtytips.com/xml/techtalker.xml","Software How-To;Podcasts;Technology;Gadgets;Tech News"
"370445683","The Big Web Show","USA","5by5","http://is1.mzstatic.com/image/thumb/Music62/v4/08/2e/51/082e5177-0fb1-8d39-3330-3a91e68d1bcd/source/60x60bb.jpg","http://feeds.5by5.tv/bigwebshow","Software How-To;Podcasts;Technology"
"955596067","Developer Tea","USA","Spec","http://is1.mzstatic.com/image/thumb/Music62/v4/fe/c7/2a/fec72adb-c148-d109-fcd3-9a9b129a0824/source/60x60bb.jpg","http://feeds.feedburner.com/DeveloperTea","Software How-To;Podcasts;Technology;Business;Careers;Society & Culture"
"96779509","The InDesigner","USA","Michael Murphy","http://is2.mzstatic.com/image/thumb/Music4/v4/38/c7/86/38c7862f-f59d-ea84-dd42-f541c9e2decf/source/60x60bb.jpg","http://www.theindesigner.com/podcasts/podcasts.xml","Software How-To;Podcasts;Technology"
"464936442","The Web Ahead","USA","5by5","http://is3.mzstatic.com/image/thumb/Music62/v4/53/8b/84/538b847a-e205-925e-32db-8b04fe8578c2/source/60x60bb.jpg","http://feeds.5by5.tv/webahead","Software How-To;Podcasts;Technology"
"251078868","MacBreak (AppleTV)","USA","Leo Laporte and Alex Lindsay","http://is5.mzstatic.com/image/thumb/Music6/v4/00/83/44/008344f6-7d9f-2031-39c1-107020839411/source/60x60bb.jpg","http://feeds.pixelcorps.com/feeds/macbreak_appletv.xml","Software How-To;Podcasts;Technology"
"313417427","CNET How To (SD)","USA","CNET.com","http://is3.mzstatic.com/image/thumb/Music71/v4/7d/39/14/7d39142f-31ca-18aa-af68-069b3d32ae9c/source/60x60bb.jpg","http://feed.cnet.com/feed/podcast/how-to-video.xml","Software How-To;Podcasts;Technology;Education;Training"
"101102043","InDesign Secrets","USA","Blatner and Concepcion","http://is5.mzstatic.com/image/thumb/Music71/v4/1b/7e/77/1b7e777d-b7f0-cb73-bc73-f4de593613a2/source/60x60bb.jpg","http://indesignsecrets.libsyn.com/rss","Software How-To;Podcasts;Technology"
"543443330","Know How... (Video-HD)","USA","TWiT","http://is2.mzstatic.com/image/thumb/Music71/v4/f7/5a/2c/f75a2cbc-ce1f-ec35-ae7a-62c80147308f/source/60x60bb.jpg","http://feeds.twit.tv/kh_video_hd.xml","Software How-To;Podcasts;Technology;Gadgets;Education;Training"
"279040049","Cisco Hands On Training Podcast","USA","Darrell Root","http://is3.mzstatic.com/image/thumb/Music/v4/61/b7/77/61b777b3-6602-5192-f84d-a3132bd7ff5b/source/60x60bb.jpg","http://feeds.feedburner.com/CiscoHandsOnTraining","Software How-To;Podcasts;Technology"
"535121941","Giant Robots Smashing Into Other Giant Robots","USA","thoughtbot","http://is3.mzstatic.com/image/thumb/Music62/v4/1d/81/bf/1d81bf32-70e0-c59f-b4b2-f71ae7488891/source/60x60bb.jpg","https://simplecast.com/podcasts/271/rss","Software How-To;Podcasts;Technology;Business;Management & Marketing;Education"
"213328315","Going Linux","USA","Larry Bushey and Bill Smith","http://is3.mzstatic.com/image/thumb/Music71/v4/7e/3d/31/7e3d31de-f4f4-834c-d5b4-129b656cff3e/source/60x60bb.jpg","http://goinglinux.com/mp3podcast.xml","Software How-To;Podcasts;Technology"
"543368680","Serge Ramelli","USA","Serge Ramelli","http://is2.mzstatic.com/image/thumb/Music62/v4/80/92/61/8092612d-67ca-1447-48ad-8a038d9f679a/source/60x60bb.jpg","https://photoserge.com/feed/podcast/","Software How-To;Podcasts;Technology;Education;Training;Arts;Visual Arts"
"281057468","jQuery for Designers - screencasts and tutorials","USA","Remy Sharp","http://is3.mzstatic.com/image/thumb/Music6/v4/64/b4/90/64b4905b-251f-abb3-c3b1-9e7d18f8f46d/source/60x60bb.jpg","http://feeds.feedburner.com/jqueryfordesigners-podcast","Software How-To;Podcasts;Technology"
"267255279","Pragmatic Podcasts","USA","The Pragmatic Programmers","http://is3.mzstatic.com/image/thumb/Music/v4/52/a1/99/52a19924-ba7e-4eb6-3e04-d6c524b05977/source/60x60bb.jpg","https://pragprog.com/podcasts/feed.rss","Software How-To;Podcasts;Technology"
"410342775","WordPress Resource: Your Website Engineer with Dustin Hartzler","USA","Dustin R. Hartzler | WordPress Website Engineer","http://is1.mzstatic.com/image/thumb/Music6/v4/5e/5a/ab/5e5aab67-623c-060d-fd43-5874f10628ee/source/60x60bb.jpg","http://feeds.feedburner.com/YourWebsiteEngineer","Software How-To;Podcasts;Technology;Business;Tech News;Management & Marketing"
"334648685","The Social-Engineer Podcast","USA","Unknown","http://is3.mzstatic.com/image/thumb/Music62/v4/de/61/91/de61912f-e031-c9a6-c3f4-bde07429f514/source/60x60bb.jpg","http://socialengineer.libsyn.com/rss","Software How-To;Podcasts;Technology"
"308761591","MacBreak Work","USA","Alex Lindsay","http://is2.mzstatic.com/image/thumb/Music/v4/b7/06/3e/b7063e2d-7da7-2f34-7a49-9cd599336743/source/60x60bb.jpg","http://feeds2.feedburner.com/MacBreak_Work","Software How-To;Podcasts;Technology;Education"
"275811289","Podnutz – The Computer Repair Podcast","USA","Podnutz.com","http://is4.mzstatic.com/image/thumb/Music71/v4/49/a8/e3/49a8e370-95b6-73a6-7ec4-1738e4e989ba/source/60x60bb.jpg","http://feeds.feedburner.com/podnutz","Software How-To;Podcasts;Technology"
"578812394","Debug","USA","Guy English, Rene Ritchie","http://is1.mzstatic.com/image/thumb/Music62/v4/c0/4b/09/c04b09fc-b6c1-6014-5254-8364733afecc/source/60x60bb.jpg","http://feeds.feedburner.com/debugshow","Software How-To;Podcasts;Technology"
"892779679","Learning Machines 101","USA","Richard M. Golden, Ph.D., M.S.E.E., B.S.E.E.","http://is2.mzstatic.com/image/thumb/Music62/v4/e7/a0/84/e7a0848e-c754-9594-9f2a-90cc3c6f92a6/source/60x60bb.jpg","http://learningmachines101.libsyn.com/rss","Software How-To;Podcasts;Technology;Education;Higher Education"
"447667314","NodeUp","USA","A Node.js Podcast","http://is5.mzstatic.com/image/thumb/Music/v4/c9/51/e0/c951e03d-ffc3-4518-2e7a-b6fbd4e14c1e/source/60x60bb.jpg","http://feeds.feedburner.com/NodeUp","Software How-To;Podcasts;Technology"
"88039689","One Minute Tip - Photoshop Wednesdays (iPod)","USA","John W Chambers","http://is2.mzstatic.com/image/thumb/Music4/v4/87/a6/66/87a66699-8cef-3188-7765-b6e5cb1a2bd5/source/60x60bb.jpg","http://www.newmediamanuals.com/podcast/ivideos/video.xml","Software How-To;Podcasts;Technology;Education;Training"
"253867754","RailsCasts (Mobile)","USA","Ryan Bates","http://is2.mzstatic.com/image/thumb/Music71/v4/9b/bc/d0/9bbcd01d-915a-bbde-074e-e205fc505db3/source/60x60bb.jpg","http://feeds.feedburner.com/railscasts_ipod","Software How-To;Podcasts;Technology;Education;Training"
"203404936","Dreamweaver Podcasts","USA","Video Tutes.com","http://is5.mzstatic.com/image/thumb/Music/v4/03/ef/3a/03ef3a2b-302d-7a4e-f536-a59d890398f0/source/60x60bb.jpg","http://www.video-tutes.com/Pod/All.xml","Software How-To;Podcasts;Technology"
"292461263","VMware Communities Roundtable","USA","vmware","http://is1.mzstatic.com/image/thumb/Music/v4/33/20/d3/3320d315-0bfc-0d9f-f41a-180173a37fa3/source/60x60bb.jpg","http://recordings.talkshoe.com/rss19367.xml","Software How-To;Podcasts;Technology"
"290067930","MacBreak Dev","USA","Alex Lindsay","http://is4.mzstatic.com/image/thumb/Music2/v4/f3/24/6c/f3246cd9-af62-8756-fcd4-7ebb6513a7ab/source/60x60bb.jpg","http://feeds.feedburner.com/macbreak_dev","Software How-To;Podcasts;Technology;Education;Podcasting"
"81677867","NosillaCast Mac Podcast","USA","Technology with an EVER so slight Macintosh bias","http://is3.mzstatic.com/image/thumb/Music62/v4/95/4c/60/954c60f6-b8b7-020b-3b80-d83c6f126e32/source/60x60bb.jpg","https://www.podfeet.com/NosillaCast/rss.xml","Software How-To;Podcasts;Technology;Gadgets;Tech News"
"110248972","Gmail Podcast","USA","Chuck Tomasi","http://is5.mzstatic.com/image/thumb/Music4/v4/8a/8e/12/8a8e125e-5ea9-f907-efa6-92d4917390f0/source/60x60bb.jpg","http://feeds.feedburner.com/gmailpodcast","Software How-To;Podcasts;Technology;Education;Training"
"73330304","The DV Show - Video Production Just Got Easier","USA","brian@thedvshow.com","http://is1.mzstatic.com/image/thumb/Music4/v4/fb/68/35/fb6835f7-f7be-2f45-b844-4ade5c69d88b/source/60x60bb.jpg","http://feeds.feedburner.com/TheDvShow","Software How-To;Podcasts;Technology;TV & Film;Education;Training"
"543438917","Know How... (MP3)","USA","TWiT","http://is5.mzstatic.com/image/thumb/Music71/v4/08/1d/9f/081d9f8c-1719-1e70-7d9c-e6627a945423/source/60x60bb.jpg","http://feeds.twit.tv/kh.xml","Software How-To;Podcasts;Technology;Gadgets;Education;Training"
"339835419","The Official jQuery Podcast","USA","Ralph Whitbeck & Rey Bango","http://is5.mzstatic.com/image/thumb/Music6/v4/c0/9a/15/c09a15aa-2c5c-00df-de69-4706e35ab3da/source/60x60bb.jpg","http://feeds.feedburner.com/jQueryPodcast","Software How-To;Podcasts;Technology;Tech News"
"329900371","Photoshop Top 40 with Deke McClelland","USA","lynda.com","http://is5.mzstatic.com/image/thumb/Music6/v4/00/83/44/008344f6-7d9f-2031-39c1-107020839411/source/60x60bb.jpg","http://feeds.feedburner.com/pstop40","Software How-To;Podcasts;Technology"
"534941512","Coder Radio MP3","USA","chris@jupiterbroadcasting.com","http://is1.mzstatic.com/image/thumb/Music/v4/4d/5a/d5/4d5ad56d-5adc-c420-e0da-e021521b36b3/source/60x60bb.jpg","http://feeds.feedburner.com/coderradiomp3","Software How-To;Podcasts;Technology;Tech News"
"163924332","UXpod - User Experience Podcast","USA","Gerry Gaffney","http://is5.mzstatic.com/image/thumb/Music/v4/f0/03/47/f0034737-4ad6-b871-5250-3da8e70ff43e/source/60x60bb.jpg","http://uxpod.libsyn.com/rss","Software How-To;Podcasts;Technology"
"1055685246","Under the Radar","USA","Relay FM","http://is4.mzstatic.com/image/thumb/Music71/v4/bf/f0/c5/bff0c520-a3eb-d91f-f597-59eee3374d32/source/60x60bb.jpg","https://www.relay.fm/radar/feed","Software How-To;Podcasts;Technology"
"275811225","Podnutz Daily - A Day in the Life of a Computer Repair Tech.","USA","Podnutz.com","http://is2.mzstatic.com/image/thumb/Music71/v4/40/d2/cb/40d2cbf7-53e5-969c-e23a-dbc1e2b77e2c/source/60x60bb.jpg","http://feeds.feedburner.com/podnutzdaily","Software How-To;Podcasts;Technology"
"350035635","Vimcasts","USA","Drew Neil","http://is1.mzstatic.com/image/thumb/Music62/v4/a3/f9/ae/a3f9ae2c-d9cc-b16a-0ec5-f5900158df5a/source/60x60bb.jpg","http://vimcasts.org/feeds/itunes.xml","Software How-To;Podcasts;Technology"
"371931111","DevOps Cafe Podcast","USA","John Willis & Damon Edwards","http://is3.mzstatic.com/image/thumb/Music/v4/ae/2b/a8/ae2ba82a-624c-a057-c21b-8ac96c1f26da/source/60x60bb.jpg","http://devopscafe.libsyn.com/rss","Software How-To;Podcasts;Technology;Tech News"
"326854134","FxFactory - Final Cut Pro, Motion and AE plugins","USA","Noise Industries, LLC","http://is4.mzstatic.com/image/thumb/Music71/v4/c7/0a/09/c70a094d-7875-3c41-c573-f91163ddde55/source/60x60bb.jpg","https://fxfactory.com/downloads/podcasts/FxFactory-Final_Cut_Pro_Motion_and_AE_plug-ins.xml","Software How-To;Podcasts;Technology;TV & Film;Arts;Visual Arts"
"1059104505","Take Up Code","USA","Take Up Code: build your own computer games, apps, and robotics with podcasts and live classes","http://is5.mzstatic.com/image/thumb/Music62/v4/a1/2e/8d/a12e8dd2-99e4-a30e-bc2e-d2e5da3ef2cb/source/60x60bb.jpg","https://www.takeupcode.com/feed/podcast","Software How-To;Podcasts;Technology;Games & Hobbies;Hobbies;Education"
"256074147","PowerScripting Podcast","USA","Jonathan Walz & Hal Rottenberg","http://is2.mzstatic.com/image/thumb/Music62/v4/45/76/1d/45761df9-65d7-02cc-074c-435445950115/source/60x60bb.jpg","http://feeds.feedburner.com/PowerScripting","Software How-To;Podcasts;Technology"
"414479141","Tekzilla","USA","Revision3","http://is2.mzstatic.com/image/thumb/Music71/v4/ab/6f/01/ab6f01c6-9190-0126-6c85-bed873edfbba/source/60x60bb.jpg","http://revision3.com/tekzilla/itunes/mp4-hd30/?subshow=false","Software How-To;Podcasts;Technology;Tech News"
"161299116","NeatLittleMacApps","USA","Frank De Graeve","http://is4.mzstatic.com/image/thumb/Music/v4/a2/22/1c/a2221c64-9b1b-3b2b-2282-49a314756d7f/source/60x60bb.jpg","http://feeds2.feedburner.com/nlma","Software How-To;Podcasts;Technology;Podcasting;Tech News"
"312752157","Lighting the Lamp","USA","Accordance Bible Software","http://is5.mzstatic.com/image/thumb/Music/v4/2f/6b/4a/2f6b4a45-c1d9-5485-2b31-fd15196c494f/source/60x60bb.jpg","http://www.accordancebible.com/site/resources/multimedia/podcast/?category_id=3318835","Software How-To;Podcasts;Technology"
"377455332","LinuxForTheRestOfUs - Podnutz","USA","Podnutz.com","http://is3.mzstatic.com/image/thumb/Music62/v4/bf/13/64/bf136417-5835-82f8-6a71-70cde59c0003/source/60x60bb.jpg","http://feeds.feedburner.com/linuxfortherestofus","Software How-To;Podcasts;Technology"
"1139480348","How I Built It","USA","How I Built It","http://is4.mzstatic.com/image/thumb/Music111/v4/d5/fd/87/d5fd87a7-00cf-9f56-d003-bb6ead356bbe/source/60x60bb.jpg","http://howibuilt.it/feed/podcast/","Software How-To;Podcasts;Technology"
"649204115","Embedded","USA","Logical Elegance","http://is4.mzstatic.com/image/thumb/Music71/v4/81/e7/92/81e792a9-5ebb-2524-6577-756eb5256265/source/60x60bb.jpg","http://embedded.fm/episodes?format=rss","Software How-To;Podcasts;Technology"
"219191394","Rubyology","USA","Chris Matthieu","http://is3.mzstatic.com/image/thumb/Music6/v4/34/03/ba/3403ba6e-3110-f994-0e73-2cf2df346392/source/60x60bb.jpg","http://feeds.feedburner.com/rubyology","Software How-To;Podcasts;Technology"
"427599017","Lifehacker","USA","Revision3","http://is2.mzstatic.com/image/thumb/Music/v4/4e/47/f5/4e47f594-bdb0-b4cd-ff18-12e179246af8/source/60x60bb.jpg","http://revision3.com/lifehacker/itunes/mp4-large","Software How-To;Podcasts;Technology"
"151557204","Second Life Official: Interviews, Video Tutorials, & Machinima","USA","Linden Lab","http://is4.mzstatic.com/image/thumb/Music/v4/90/92/54/909254c9-f533-b847-282e-cd88653d6688/source/60x60bb.jpg","http://static-secondlife-com.s3.amazonaws.com/media/podcast/podcast.xml","Software How-To;Podcasts;Technology;Tech News;TV & Film"
"773910890","The raywenderlich.com PodcastThe raywenderlich.com Podcast","USA","Ray Wenderlich","http://is5.mzstatic.com/image/thumb/Music71/v4/b1/9c/93/b19c936a-b2d1-333c-a294-f7733d16ffe7/source/60x60bb.jpg","https://www.raywenderlich.com/category/podcast/feed","Software How-To;Podcasts;Technology"
"344019340","Doctype","USA","Done21 LLC","http://is3.mzstatic.com/image/thumb/Music6/v4/f2/5a/2c/f25a2c2c-c095-8293-5d3d-863fc79985db/source/60x60bb.jpg","http://feeds.feedburner.com/doctype/itunes","Software How-To;Podcasts;Technology;Education;Arts;Tech News;Training"
"261571629","Meet the GIMP","USA","Rolf Steinort","http://is5.mzstatic.com/image/thumb/Music6/v4/00/83/44/008344f6-7d9f-2031-39c1-107020839411/source/60x60bb.jpg","http://feeds.feedburner.com/meetthegimp","Software How-To;Podcasts;Technology;Arts;Visual Arts"
"270716169","HOW TO: Logic Pro-TIPs","USA","TutorialDEPOT","http://is5.mzstatic.com/image/thumb/Music/v4/83/29/99/832999e5-96d3-6746-4b73-efe0a1b4d30c/source/60x60bb.jpg","http://www.tutorialdepot.com/rss/TD003/TD003-rss.xml","Software How-To;Podcasts;Technology;Music;Education;Training"
"824437159","CodePen Radio","USA","CodePen Radio","http://is2.mzstatic.com/image/thumb/Music71/v4/e7/e3/ba/e7e3ba5f-7c2d-db02-c9af-e622bfbfd457/source/60x60bb.jpg","https://blog.codepen.io/feed/podcast/","Software How-To;Podcasts;Technology"
"711095516","Python for Informatics's official Podcast.","USA","Charles Severance","http://is4.mzstatic.com/image/thumb/Music6/v4/db/11/1f/db111fe0-345a-a021-967f-4d2219dcd42a/source/60x60bb.jpg","http://www.pythonlearn.com/audiofeed.xml","Software How-To;Podcasts;Technology"
"605938952","The Leverage Podcast: The Best Life Hacks And Productivity Tips For Less Doing, More Living","USA","Ari Meisel and Nick Sonnenberg","http://is5.mzstatic.com/image/thumb/Music71/v4/93/c4/76/93c47631-ce7a-f31f-bd1c-c0bca438a5db/source/60x60bb.jpg","http://lessdoing.libsyn.com/rss","Software How-To;Podcasts;Technology;Health;Fitness & Nutrition;Business;Management & Marketing"
"804926849","Coding 101 (Video-HD)","USA","TWiT","http://is3.mzstatic.com/image/thumb/Music62/v4/3d/a0/d4/3da0d4e2-2c3e-8355-42b2-09722b346b2e/source/60x60bb.jpg","http://feeds.twit.tv/code_video_hd.xml","Software How-To;Podcasts;Technology;Education;Training"
"160811001","Secrets of Second Life","USA","Franklin McMahon","http://is4.mzstatic.com/image/thumb/Music/v4/40/9e/da/409edaa7-1a3e-68a7-3f76-e3cb0f993a19/source/60x60bb.jpg","http://www.fmstudio.com/podcasts/rsslife.xml","Software How-To;Podcasts;Technology;Games & Hobbies;Video Games;Podcasting;Gadgets"
"127976205",".NET Rocks!","USA","Carl Franklin and Richard Campbell","http://is4.mzstatic.com/image/thumb/Music6/v4/fb/90/6f/fb906fa6-f527-a9d3-a9ce-7a0df8dd254c/source/60x60bb.jpg","http://feeds.feedburner.com/dotnetrocks_AAC","Software How-To;Podcasts;Technology"
"543443313","Know How... (Video-LO)","USA","TWiT","http://is3.mzstatic.com/image/thumb/Music71/v4/dc/11/89/dc118913-c0ab-8353-6c26-b4819428401d/source/60x60bb.jpg","http://feeds.twit.tv/kh_video_small.xml","Software How-To;Podcasts;Technology;Gadgets;Education;Training"
"398002413","Ancestry.com - Webinars","USA","Ancestry.com","http://is2.mzstatic.com/image/thumb/Music/v4/14/c7/ce/14c7ce0c-4d88-697a-a71c-6d50585bc48e/source/60x60bb.jpg","http://feeds.feedburner.com/ancestrycomwebinars","Software How-To;Podcasts;Technology;Games & Hobbies;Society & Culture;Personal Journals;History"
"420194058","The B&B Podcast","USA","Shawn Blanc and Benjamin Brooks","http://is4.mzstatic.com/image/thumb/Music4/v4/d7/a2/f3/d7a2f3a0-a7e3-8ac0-be9c-6af4d7df1823/source/60x60bb.jpg","http://feeds.feedburner.com/thebbpodcast","Software How-To;Podcasts;Technology"
"442130463","One Minute Tips' iCloud Podcast","USA","John W Chambers","http://is3.mzstatic.com/image/thumb/Music2/v4/38/f6/1d/38f61dad-6f11-1127-fc41-76b74764c803/source/60x60bb.jpg","http://www.oneminutetip.com/icloud.xml","Software How-To;Podcasts;Technology;Education;Tech News"
"773888088","Arrested DevOps","USA","Matt Stratton, Trevor Hess, and Bridget Kromhout","http://is5.mzstatic.com/image/thumb/Music71/v4/c8/1d/3c/c81d3c47-1ca4-0ae5-4887-b6d00c94c55b/source/60x60bb.jpg","http://feeds.podtrac.com/VGAulpN7MY1U","Software How-To;Podcasts;Technology;Tech News"
"205467038","Hak5","USA","Revision3","http://is3.mzstatic.com/image/thumb/Music62/v4/f8/cb/13/f8cb134e-327d-25eb-eb0f-49eecaca0234/source/60x60bb.jpg","http://revision3.com/hak5/itunes/mp4-large/?subshow=falsehttp://revision3.com/hak5/itunes/MP4-Large%3fsubshow=false","Software How-To;Podcasts;Technology"
"840890158","Ruby on Rails Podcast","USA","5by5","http://is4.mzstatic.com/image/thumb/Music62/v4/df/09/4d/df094d63-77bb-6cf2-69c4-b2b0b0df3c10/source/60x60bb.jpg","http://feeds.5by5.tv/rubyonrails","Software How-To;Podcasts;Technology"
"396900791","Founders Talk","USA","Changelog Media","http://is3.mzstatic.com/image/thumb/Music71/v4/5d/76/09/5d760951-7b03-eb1a-2110-15fac2b48c4d/source/60x60bb.jpg","https://changelog.com/founderstalk/feed","Software How-To;Podcasts;Technology;Tech News"
"1006105326","Developer On Fire","USA","Dave Rael","http://is3.mzstatic.com/image/thumb/Music122/v4/24/7c/e4/247ce4ec-6d3e-297a-b8c9-2cb0ea454e29/source/60x60bb.jpg","http://developeronfire.com/rss.xml","Software How-To;Podcasts;Technology"
"914088438","The Salesforce Admins Podcast","USA","Mike Gerholdt & Gillian Bruce","http://is4.mzstatic.com/image/thumb/Music111/v4/38/08/20/3808204c-6c15-4cf9-4884-c5a906fc05e6/source/60x60bb.jpg","https://admin.salesforce.com/feed/podcast","Software How-To;Podcasts;Technology"
"181409872","Microsoft TechNet Podcast - Windows Vista Desktop Deployment","USA","Alan Le Marquand","http://is5.mzstatic.com/image/thumb/Music6/v4/00/83/44/008344f6-7d9f-2031-39c1-107020839411/source/60x60bb.jpg","http://www.microsoft.com/winme/0506/24231/TechNet_Podcast_DSK_MP3.xml","Software How-To;Podcasts;Technology;Tech News"
"402514872","Before & After, How to design cool stuff!","USA","John McWade","http://is5.mzstatic.com/image/thumb/Music/v4/3e/f7/97/3ef7974b-c0e1-ae7c-f760-006e47316417/source/60x60bb.jpg","http://www.pagelab.com/podcast/Before-And-After.xml","Software How-To;Podcasts;Technology;Arts;Education;Training;Design"
"168362573","SD Ruby Podcast","USA","SD Ruby","http://is4.mzstatic.com/image/thumb/Music62/v4/b2/81/66/b28166c1-0f49-2a6b-60ae-e6b34a4eaaa4/source/60x60bb.jpg","http://feed.sdruby.org/sdruby","Software How-To;Podcasts;Technology;Education;Training"
"400664935","The iDeveloper Podcast","USA","Steve Scott (Scotty) & John Fox","http://is1.mzstatic.com/image/thumb/Music62/v4/63/16/f7/6316f742-308a-d5f7-9c34-9bcdf3bf6cae/source/60x60bb.jpg","http://feeds.ideveloper.co/ideveloperpodcast.xml","Software How-To;Podcasts;Technology"
"935763119","The Bike Shed","USA","thoughtbot","http://is2.mzstatic.com/image/thumb/Music71/v4/20/22/d1/2022d165-ad55-2041-90f2-f8acb5be1a55/source/60x60bb.jpg","https://simplecast.com/podcasts/282/rss","Software How-To;Podcasts;Technology"
"192801681","CERIAS Security Seminar Podcast","USA","CERIAS","http://is4.mzstatic.com/image/thumb/Music6/v4/c3/2c/f1/c32cf1a0-5690-f574-3cdf-29365c6e6875/source/60x60bb.jpg","http://feeds.feedburner.com/CeriasSecuritySeminarPodcast","Software How-To;Podcasts;Technology;Science & Medicine;Education;Business;Training;Higher Education"
"701045710","BSD Now MP3","USA","Jupiter Broadcasting","http://is3.mzstatic.com/image/thumb/Music62/v4/8d/fd/3d/8dfd3d47-3a0f-ddf7-eccf-6d4e99b4bf03/source/60x60bb.jpg","http://feeds.feedburner.com/BsdNowMp3","Software How-To;Podcasts;Technology;Tech News"
"252924500","Cutting Through: Final Cut Studio","USA","..moze..","http://is5.mzstatic.com/image/thumb/Music/v4/60/8d/96/608d96e1-49e4-a7bb-6eed-74552bf0b9f2/source/60x60bb.jpg","http://recordings.talkshoe.com/rss27421.xml","Software How-To;Podcasts;Technology"
"153607292","IBM developerWorks podcasts","USA","IBM developerWorks","http://is5.mzstatic.com/image/thumb/Music6/v4/bc/78/b7/bc78b7f2-e325-d255-5d9d-64cc2f6d9b65/source/60x60bb.jpg","http://www.ibm.com/developerworks/podcast/channel-dwall.rss","Software How-To;Podcasts;Technology"
"996103731","Inside Intercom Podcast","USA","Intercom","http://is4.mzstatic.com/image/thumb/Music22/v4/18/e6/c5/18e6c5a0-077c-d6d4-dfbe-5bc643601dcf/source/60x60bb.jpg","https://rss.art19.com/inside-intercom","Software How-To;Podcasts;Technology"
"263846173","YUI Theater","USA","ericmiraglia@yahoo.com","http://is4.mzstatic.com/image/thumb/Music4/v4/0e/fd/0e/0efd0e66-2307-bef5-6fe3-1adaabed8d0d/source/60x60bb.jpg","http://feeds.feedburner.com/YuiTheater","Software How-To;Podcasts;Technology"
"79501123","miketechshow's Podcast","USA","Mike Tech Show","http://is3.mzstatic.com/image/thumb/Music/v4/fc/a1/b3/fca1b3ef-abf0-70d0-dcc0-5ba3eef9f531/source/60x60bb.jpg","http://miketechshow.libsyn.com/rss","Software How-To;Podcasts;Technology;Podcasting"
"306458827","Tech-Vets","USA","Carey Holzman and Mike Smith","http://is5.mzstatic.com/image/thumb/Music/v4/3f/00/fd/3f00fdb2-ae28-2471-0f45-1bea3f328c20/source/60x60bb.jpg","http://tech-vets.com/feed/","Software How-To;Podcasts;Technology;Tech News"
"543443128","Know How... (Video-HI)","USA","TWiT","http://is2.mzstatic.com/image/thumb/Music71/v4/80/ca/83/80ca8386-a6c8-757f-eed1-e59025f1368d/source/60x60bb.jpg","http://feeds.twit.tv/kh_video_large.xml","Software How-To;Podcasts;Technology;Gadgets;Education;Training"
"417256457","Microsoft Azure Cloud Cover Show (HD) - Channel 9","USA","Microsoft","http://is4.mzstatic.com/image/thumb/Music6/v4/ff/f8/cd/fff8cd0d-b8e1-83cd-8b80-7e56804f58b2/source/60x60bb.jpg","http://s.ch9.ms/Shows/Cloud+Cover/feed/mp4high","Software How-To;Podcasts;Technology"
"267187155","AUTOMATOR.US","USA","Nyhthawk Productions","http://is2.mzstatic.com/image/thumb/Music/v4/27/db/ff/27dbff9f-63cc-7162-4f5c-b59964bea8dd/source/60x60bb.jpg","http://automator.us/podcast/podcast.xml","Software How-To;Podcasts;Technology"
"899384794","The Web Platform Podcast","USA","Erik Isaksen","http://is3.mzstatic.com/image/thumb/Music62/v4/08/0d/59/080d598c-c789-f607-15df-cbe9e53830a0/source/60x60bb.jpg","http://thewebplatform.libsyn.com/rss","Software How-To;Podcasts;Technology;Tech News"
"275306550","HOW TO: Pro Tools-TIPs","USA","TutorialDEPOT","http://is4.mzstatic.com/image/thumb/Music/v4/9c/95/d4/9c95d4b7-8997-a008-e69e-7eb734e80309/source/60x60bb.jpg","http://www.tutorialdepot.com/rss/TD004/TD004-rss.xml","Software How-To;Podcasts;Technology;Education;Training;Music"
"414479198","Tekzilla","USA","Revision3","http://is1.mzstatic.com/image/thumb/Music71/v4/de/1b/a7/de1ba7e6-192d-ea55-5066-270de955edfd/source/60x60bb.jpg","http://revision3.com/tekzilla/itunes/mp4-small/?subshow=false","Software How-To;Podcasts;Technology;Tech News"
"803206041","CodeWinds - Leading edge web developer news and training | javascript / React.js / Node.js / HTML5 / web development - Jeff Bar","USA","Jeff Barczewski","http://is3.mzstatic.com/image/thumb/Music62/v4/54/d6/cc/54d6cc46-06cf-d7db-b97c-f8549e3d624c/source/60x60bb.jpg","http://codewinds.com/podcast-audio-rss.xml","Software How-To;Podcasts;Technology;Education;Tech News;Training"
"370827749","All Things Hadoop","USA","Joe Stein","http://is1.mzstatic.com/image/thumb/Music/v4/3c/ab/f0/3cabf02f-0c45-d11c-61fa-ac048eb82841/source/60x60bb.jpg","http://feeds.feedburner.com/allthingshadoop/kjGc","Software How-To;Podcasts;Technology"
"988073177","Talking Code","USA","Coderly","http://is5.mzstatic.com/image/thumb/Music71/v4/fa/56/7d/fa567d62-ecdf-fa3f-f465-86bb402b1d65/source/60x60bb.jpg","https://simplecast.com/podcasts/150/rss","Software How-To;Podcasts;Technology;Education;Training;Business;Management & Marketing"
"1084499508","The Parro’s Show","USA","Ricardo Parro and Caterine Parro","http://is5.mzstatic.com/image/thumb/Music62/v4/0f/dd/ac/0fddacd7-63a2-bb28-6bc2-91947e226b59/source/60x60bb.jpg","http://www.briefs.fm/the-parros-show.xml","Software How-To;Podcasts;Technology"
"212654258","The Flex Show","USA","Jeffry Houser and John Wilker","http://is5.mzstatic.com/image/thumb/Music6/v4/00/83/44/008344f6-7d9f-2031-39c1-107020839411/source/60x60bb.jpg","http://feeds.feedburner.com/TheFlexShow","Software How-To;Podcasts;Technology;Tech News"
"346337520","Teach Me To Code » Screencasts","USA","Charles Max Wood","http://is2.mzstatic.com/image/thumb/Music/v4/85/47/e8/8547e8ef-0469-825d-b889-985bbbfa9289/source/60x60bb.jpg","https://feeds.feedwrench.com/TeachMeToCode.rss","Software How-To;Podcasts;Technology"
"294672686","FileMaker Talk - Just talking about FileMaker","USA","Matt Navarre & Matt Petrowsky","http://is1.mzstatic.com/image/thumb/Music/v4/4a/d0/3c/4ad03c13-9367-b636-0529-94b5541861d6/source/60x60bb.jpg","http://filemakertalk.com/podcast/","Software How-To;Podcasts;Technology"
"171881764","Digital Heaven Tutorials","USA","Digital Heaven Ltd","http://is1.mzstatic.com/image/thumb/Music4/v4/d7/bb/13/d7bb1395-749c-fcda-2b36-463349cccb3f/source/60x60bb.jpg","http://feeds.feedburner.com/digitalheaven-ht","Software How-To;Podcasts;Technology"
"467641329","Java Pub House","USA","Freddy Guime & Bob Paulin","http://is5.mzstatic.com/image/thumb/Music4/v4/7f/5e/3f/7f5e3f30-64a3-ea95-145b-2ebef0717168/source/60x60bb.jpg","http://javapubhouse.libsyn.com/rss","Software How-To;Podcasts;Technology;Podcasting"
"295971174","Real World Footage Effects","USA","Artbeats","http://is1.mzstatic.com/image/thumb/Music/v4/09/b7/d7/09b7d762-0e2b-3793-f39b-7ecf67147892/source/60x60bb.jpg","http://feeds.feedburner.com/real_world_footage_effects","Software How-To;Podcasts;Technology;Education;Training;Arts;Design"
"414479197","Tekzilla","USA","Revision3","http://is5.mzstatic.com/image/thumb/Music62/v4/bf/0a/7d/bf0a7dce-b9c9-b2ea-3bac-324825c3286d/source/60x60bb.jpg","http://revision3.com/tekzilla/itunes/mp4-large/?subshow=false","Software How-To;Podcasts;Technology;Tech News"
"1070611929","SQL Server Pain Relief: Office Hours with Brent Ozar Unlimited®","USA","Brent Ozar Unlimited helps you make SQL Server faster and more reliable. The team discusses SQL Server setup issues, indexes, queries, AlwaysOn, SAN tuning, virtualization, and more”.","http://is1.mzstatic.com/image/thumb/Music62/v4/d6/b1/38/d6b1384e-8e88-c437-ea5f-8b6b913899ac/source/60x60bb.jpg","http://brentozarunlimited.libsyn.com/rss","Software How-To;Podcasts;Technology;Education;Training;Science & Medicine"
"554321710","The Computer Tutor","USA","Scott Johnson","http://is2.mzstatic.com/image/thumb/Music71/v4/c6/81/ac/c681ac23-3548-342c-9b58-542ff34761c1/source/60x60bb.jpg","https://computertutorflorida.com/feed/podcast/","Software How-To;Podcasts;Technology"
"467762220","Free Mac & iOS Tutorials from TheMacU.com","USA","www.TheMacU.com","http://is3.mzstatic.com/image/thumb/Music62/v4/0a/02/8e/0a028e61-71cf-5d01-4f3a-b5254e9d156e/source/60x60bb.jpg","http://feeds.feedburner.com/TheMacU","Software How-To;Podcasts;Technology"
"269316506","The Thirsty Developer - Podcast","USA","Dave Bost","http://is4.mzstatic.com/image/thumb/Music6/v4/f0/6c/1a/f06c1a18-60c7-795b-b17b-74cf36d80ac8/source/60x60bb.jpg","http://feeds.feedburner.com/ThirstyDeveloperPodcast","Software How-To;Podcasts;Technology"
"739501868","Azure Friday (HD) - Channel 9","USA","Microsoft","http://is3.mzstatic.com/image/thumb/Music122/v4/2a/ca/3d/2aca3d5a-27da-8a1d-3cbb-db33a06143d4/source/60x60bb.jpg","http://s.ch9.ms/Shows/Azure-Friday/feed/mp4high","Software How-To;Podcasts;Technology"
"968703120","CppCast","USA","Rob Irving and Jason Turner","http://is2.mzstatic.com/image/thumb/Music71/v4/2a/8a/85/2a8a85ac-ea69-bf34-a120-48332b6e8bed/source/60x60bb.jpg","http://cppcast.libsyn.com/rss","Software How-To;Podcasts;Technology"
"1019164720","My Excel Online Podcast","USA","John Michaloudis interviews Microsoft Excel experts and MVPs about their favorite Excel feature, shortcuts & tips, books and courses!","http://is3.mzstatic.com/image/thumb/Music71/v4/7c/5c/2a/7c5c2a76-d603-7ebd-e241-c70938371dc4/source/60x60bb.jpg","http://myexcelonline.libsyn.com/rss","Software How-To;Podcasts;Technology;Education;Business"
"1082937962","SwiftCoders","USA","Garric Nahapetian","http://is5.mzstatic.com/image/thumb/Music62/v4/8f/9e/4d/8f9e4d9d-b82f-4fd4-e4a5-ff7abcaa77e9/source/60x60bb.jpg","http://swiftcoders.podbean.com/feed/","Software How-To;Podcasts;Technology"
"862879925","MS Dev Show","USA","Jason Young & Carl Schweitzer","http://is5.mzstatic.com/image/thumb/Music62/v4/96/3a/45/963a4537-aa5c-d25a-7714-259f9463d0fa/source/60x60bb.jpg","http://msdevshow.libsyn.com/rss","Software How-To;Podcasts;Technology;Tech News"
"653204183","The Laravel Podcast","USA","Taylor Otwell","http://is2.mzstatic.com/image/thumb/Music62/v4/cc/6d/8b/cc6d8b34-fb75-e01c-83a9-7a390025ed5c/source/60x60bb.jpg","http://feeds.feedburner.com/laraveliopodcast","Software How-To;Podcasts;Technology"
"771670010","App Guy:","USA","Paul Kemp : App Entrepreneur and Founder of TheAppGuy.co","http://is4.mzstatic.com/image/thumb/Music71/v4/97/bd/21/97bd216f-a499-ff07-5318-1e72f6e2b441/source/60x60bb.jpg","http://feeds.podtrac.com/Qr71nwJCw35C","Software How-To;Podcasts;Technology;Business;Careers;Management & Marketing"
"694849738","WordPress Weekly","USA","WordPress Weekly","http://is2.mzstatic.com/image/thumb/Music71/v4/21/74/e2/2174e2ba-d121-78d5-c7c6-c77d7b8f9ac9/source/60x60bb.jpg","https://wptavern.com/feed/podcast","Software How-To;Podcasts;Technology"
"826722706","TestTalks | Automation Awesomeness | Helping YOU Succeed with Test Automation","USA","Test Automation with Joe Colantonio. TestTalks covers Selenium, SoapUI, UFT, LoadRunner, BDD, test news, book reviews , interviews thought leaders in the test automation field, and more!","http://is2.mzstatic.com/image/thumb/Music62/v4/ae/8b/2d/ae8b2d22-c69e-9d04-eda8-dfe2bc8b5af1/source/60x60bb.jpg","http://testtalks.libsyn.com/rss","Software How-To;Podcasts;Technology;Education;Training"
"262822485","Rule the Web in Sixty Seconds","USA","Mark Frauenfelder","http://is5.mzstatic.com/image/thumb/Music6/v4/00/83/44/008344f6-7d9f-2031-39c1-107020839411/source/60x60bb.jpg","http://feeds.feedburner.com/typepad/RYdA","Software How-To;Podcasts;Technology"
"340422555","yayQuery","USA","Paul Irish, Rebecca Murphey, Alex Sexton, Adam Sontag","http://is4.mzstatic.com/image/thumb/Music6/v4/0a/12/47/0a12478f-1fa6-6de0-681a-5b91d747eca1/source/60x60bb.jpg","http://feeds.feedburner.com/yayQuery","Software How-To;Podcasts;Technology"
"690852316","Building a Website Pro: Wordpress Training, How to Build a Website, Web Design for Small Business, Entrepreneurs & Individuals","USA","Michael Szapkiw | Insights on: WordPress, Web Design, Starting an Online Business | Niche Website | Online Portfolio | Eportfolio | Passive Income | Internet Marketing |Mobile Marketing |Email Marketing |Online Marketing | SEO & Much more!","http://is1.mzstatic.com/image/thumb/Music71/v4/62/ac/f7/62acf765-ea59-5555-556e-d4f773ed7ff6/source/60x60bb.jpg","http://buildingawebsitepro.com/feed/podcast/","Software How-To;Podcasts;Technology;Education;Training;Business;Management & Marketing"
"300758106","Zend Screencasts: Video Tutorials about the Zend PHP Framework  (iphone)","USA","Produced by Jon Lebensold","http://is5.mzstatic.com/image/thumb/Music6/v4/0d/82/62/0d82628e-14cf-6a1a-9256-b31a7a9ab08b/source/60x60bb.jpg","http://feeds.feedburner.com/ZendScreencastsVideoTutorialsAboutTheZendPhpFrameworkForiPhone","Software How-To;Podcasts;Technology;Education;Training"
"327837326","My Hard Drive Died - Podnutz","USA","Podnutz.com","http://is3.mzstatic.com/image/thumb/Music62/v4/de/e7/04/dee7045c-4f15-b54a-dc96-ce054f3252e9/source/60x60bb.jpg","http://feeds2.feedburner.com/myharddrivedied","Software How-To;Podcasts;Technology"
"354134493","Ask Dave","USA","Kelby Media Group","http://is4.mzstatic.com/image/thumb/Music71/v4/4e/ae/f7/4eaef7e7-74b7-cc97-7fd1-37312e9e979e/source/60x60bb.jpg","http://kelbytv.com/askdave/video/","Software How-To;Podcasts;Technology"
"399822861","NSBrief","USA","Saul Mora","http://is5.mzstatic.com/image/thumb/Music6/v4/a3/76/84/a376842e-a1b2-9d44-28de-79b6405fd845/source/60x60bb.jpg","http://nsbrief.com/feeds/rss.xml","Software How-To;Podcasts;Technology;Arts;Design;Business"
"376146043","The Digi Show","USA","The Digi Show: Connecting and inspiring the digital scrapbooking community","http://is5.mzstatic.com/image/thumb/Music4/v4/ff/09/ed/ff09ed15-f79c-84c8-4d2c-da6470534934/source/60x60bb.jpg","http://feeds.feedburner.com/digishow","Software How-To;Podcasts;Technology;Games & Hobbies;Hobbies;Arts;Visual Arts"
"286556194","Dreamweaver Thursdays (iPod)","USA","John W Chambers","http://is5.mzstatic.com/image/thumb/Music6/v4/00/83/44/008344f6-7d9f-2031-39c1-107020839411/source/60x60bb.jpg","http://www.oneminutetip.com/dreamweaver_ipod.xml","Software How-To;Podcasts;Technology;Education;Training"
"804926728","Coding 101 (MP3)","USA","TWiT","http://is4.mzstatic.com/image/thumb/Music71/v4/54/4d/fb/544dfb91-8def-3839-15bd-1770077259c3/source/60x60bb.jpg","http://feeds.twit.tv/code.xml","Software How-To;Podcasts;Technology;Education;Training"
"967299057","The Lightroom Show","USA","Kelby Media Group","http://is4.mzstatic.com/image/thumb/Music62/v4/25/09/1c/25091c7e-3855-ea88-f866-a2201f3730ed/source/60x60bb.jpg","http://kelbytv.com/thelightroomshow/video/","Software How-To;Podcasts;Technology"
"432623340","The Grid: Photography Podcast(Audio-Only)","USA","The Grid","http://is2.mzstatic.com/image/thumb/Music71/v4/46/39/07/463907a9-286f-2852-dbbc-6f3670760096/source/60x60bb.jpg","http://kelbytv.com/thegrid/audio/","Software How-To;Podcasts;Technology"
"495577922","The Food Fight Show","USA","Bryan Berry","http://is2.mzstatic.com/image/thumb/Music6/v4/7e/4b/7c/7e4b7c44-86b1-3a65-234a-580bbe136ebb/source/60x60bb.jpg","http://foodfight.libsyn.com/rss","Software How-To;Podcasts;Technology"
"368255456","Agile University (iPod)","USA","Agile University","http://is5.mzstatic.com/image/thumb/Music/v4/29/b8/46/29b846c8-d1fa-0969-7227-c25957ec16a0/source/60x60bb.jpg","https://feed.podcastmachine.com/podcasts/4648/ipodvideolarge.rss","Software How-To;Podcasts;Technology;Education;Podcasting;Training"
"643216602","AppMasters.co - App Marketing, Business & Promotion with Steve P. Young","USA","Steve Young","http://is2.mzstatic.com/image/thumb/Music62/v4/9f/de/ad/9fdead71-5cc9-2630-17cf-50bc6f2bb6a6/source/60x60bb.jpg","http://feeds.feedburner.com/mobileappchat","Software How-To;Podcasts;Technology;Business;Management & Marketing;Education;Educational Technology"
"1091341048","Soft Skills Engineering","USA","Jamison Dance and Dave Smith","http://is4.mzstatic.com/image/thumb/Music71/v4/56/d4/c2/56d4c2a4-be6e-5dcc-aec6-aa3817008e3e/source/60x60bb.jpg","http://feeds.feedburner.com/SoftSkillsEngineering","Software How-To;Podcasts;Technology"
"214162182","coderpath podcast","USA","Miles Forrest and Curtis McHale","http://is5.mzstatic.com/image/thumb/Music6/v4/00/83/44/008344f6-7d9f-2031-39c1-107020839411/source/60x60bb.jpg","http://feeds.feedburner.com/Coderpath","Software How-To;Podcasts;Technology;Tech News"
"785545036","Android Developers Backstage","USA","Android Developers","http://is3.mzstatic.com/image/thumb/Music62/v4/15/c9/96/15c996fd-4856-79bb-12ba-1d25c67d77d7/source/60x60bb.jpg","http://feeds.feedburner.com/blogspot/AndroidDevelopersBackstage","Software How-To;Podcasts;Technology;Tech News"
"366044925","One Minute Tips' iPad Podcast","USA","John W Chambers","http://is1.mzstatic.com/image/thumb/Music/v4/40/88/57/40885709-2384-6c1a-110d-33f0cbedb666/source/60x60bb.jpg","http://www.oneminutetip.com/ipad.xml","Software How-To;Podcasts;Technology;Tech News;Education"
"991671232","Agile for Humans - A Podcast Devoted to Agile Software Development","USA","Ryan Ripley","http://is1.mzstatic.com/image/thumb/Music62/v4/ef/96/44/ef964426-ed3d-afa7-c90b-ab4ec638dd09/source/60x60bb.jpg","http://feeds.feedburner.com/agileforhumans","Software How-To;Podcasts;Technology;Education;Training;Business;Management & Marketing"
"995869265","React Podcast","USA","Zach Silveira","http://is5.mzstatic.com/image/thumb/Music71/v4/62/91/d5/6291d510-3e95-e9b7-2fc6-491e326e668c/source/60x60bb.jpg","http://feeds.feedburner.com/reactjspodcast","Software How-To;Podcasts;Technology"
"318128571","Adobe Creative Suite Tutorials","USA","Luisa Winters","http://is5.mzstatic.com/image/thumb/Music6/v4/98/fc/1d/98fc1dc3-9ee1-f42b-2583-76a92f88e674/source/60x60bb.jpg","http://feeds2.feedburner.com/LuisaWintersBlogAndPodcast","Software How-To;Podcasts;Technology"
"1173690032","Python Bytes","USA","Michael Kennedy and Brian Okken","http://is4.mzstatic.com/image/thumb/Music71/v4/16/a5/da/16a5dafa-553c-e4bf-f5ea-2c4f06ef6403/source/60x60bb.jpg","https://pythonbytes.fm/episodes/rss","Software How-To;Podcasts;Technology"
"505494738","The Linux Action Show! HD","USA","Jupiter Broadcasting","http://is5.mzstatic.com/image/thumb/Music62/v4/f8/3d/52/f83d5210-ba11-6f26-6a5b-c159c0886547/source/60x60bb.jpg","http://www.jupiterbroadcasting.com/feeds/lashd.xml","Software How-To;Podcasts;Technology;Tech News;Gadgets"
"189132743","HOW TO: Digital Performer-TIPs","USA","TutorialDEPOT","http://is1.mzstatic.com/image/thumb/Music/v4/0e/07/07/0e07074b-7cf6-b3c9-1c1e-849d487e9ad6/source/60x60bb.jpg","http://www.tutorialdepot.com/rss/TD001/TD001-rss-TIPS.xml","Software How-To;Podcasts;Technology;Education;Training;Music"
"534941251","Coder Radio Video","USA","chris@jupiterbroadcasting.com","http://is5.mzstatic.com/image/thumb/Music/v4/a6/0c/e4/a60ce4cc-2704-2f0c-0176-cd9cbf5b1864/source/60x60bb.jpg","http://feeds.feedburner.com/coderradiovideo","Software How-To;Podcasts;Technology"
"957097711","TWiP TheFIX","USA","This Week in Photo","http://is5.mzstatic.com/image/thumb/Music71/v4/99/fc/d3/99fcd3f1-c6fd-30a6-dd4a-f6a18f17bf71/source/60x60bb.jpg","http://thisweekinphoto.com/category/thefix/feed/","Software How-To;Podcasts;Technology;Education;Training;Arts;Visual Arts"
"318847966","Todd Klindt's SharePoint and Cloud Podcast","USA","Todd Klindt","http://is2.mzstatic.com/image/thumb/Music/v4/90/66/31/906631c7-44e8-b6d1-67bc-6f751bbd44b2/source/60x60bb.jpg","http://www.toddklindt.com/netcast/MP3/feed-mp3.rss","Software How-To;Podcasts;Technology"
"1029487211","Test and Code","USA","Brian Okken","http://is3.mzstatic.com/image/thumb/Music71/v4/95/91/69/9591697e-b156-2c09-3b8f-8226f042ad40/source/60x60bb.jpg","http://pythontesting.net/feed/podcast","Software How-To;Podcasts;Technology;Tech News;Education;Training"
"300916003","CodeCast","USA","CODE Magazine","http://is5.mzstatic.com/image/thumb/Music4/v4/87/73/c1/8773c120-b080-fcd3-1eb9-5a5a1882a5e7/source/60x60bb.jpg","http://feeds.feedburner.com/codemag/codecast?format=xml","Software How-To;Podcasts;Technology"
"404500656","Podnutz Pro","USA","Podnutz.com","http://is2.mzstatic.com/image/thumb/Music62/v4/c9/07/4b/c9074b67-53eb-5910-c55b-e93046525e26/source/60x60bb.jpg","http://feeds.feedburner.com/podnutzpro","Software How-To;Podcasts;Technology"
"498067022","Audio - Cognitect Blog","USA","Cognitect, Inc.","http://is3.mzstatic.com/image/thumb/Music62/v4/6c/22/93/6c229307-71de-ac72-d1b7-c84eccaf71c5/source/60x60bb.jpg","http://feeds.feedburner.com/cognicast","Software How-To;Podcasts;Technology"
"1120964487","Go Time","USA","Changelog Media","http://is4.mzstatic.com/image/thumb/Music62/v4/87/c1/65/87c1654a-3b6d-3cbb-8573-09081a0b0f76/source/60x60bb.jpg","https://changelog.com/gotime/feed","Software How-To;Podcasts;Technology;Tech News"
"542141888","Music Radio Creative","USA","Music Radio Creative","http://is4.mzstatic.com/image/thumb/Music62/v4/44/06/04/440604e2-b66e-a461-5941-3913a0c58a8b/source/60x60bb.jpg","http://feeds.mrc.fm/musicradiocreative","Software How-To;Podcasts;Technology;Business;Management & Marketing;Education"
"538007855","Edge Cases","USA","Andrew Pontious and Wolf Rentzsch","http://is4.mzstatic.com/image/thumb/Music4/v4/81/99/84/81998464-69fb-d1b6-64e1-864535b34ed6/source/60x60bb.jpg","http://edgecasesshow.com/rss.xml","Software How-To;Podcasts;Technology;Tech News"
"131101639","Ask the Techies (HD & AppleTV Video Format)","USA","D.Lee Beard","http://is5.mzstatic.com/image/thumb/Music6/v4/00/83/44/008344f6-7d9f-2031-39c1-107020839411/source/60x60bb.jpg","http://feeds.feedburner.com/AskTheTechiesh264VideoFormat","Software How-To;Podcasts;Technology;Education;Educational Technology;Training"
"961499150","재미있는 SW 지식","USA","김진태","http://is2.mzstatic.com/image/thumb/Music71/v4/6c/30/ec/6c30ecaa-00b1-c448-2f6f-3d4782ebfae3/source/60x60bb.jpg","http://pod.ssenhosting.com/rss/seeg.xml","Software How-To;Podcasts;Technology;Science & Medicine;Natural Sciences;Gadgets"
"329153703","Propellerhead Record Micro Tutorials","USA","Propellerhead Software","http://is3.mzstatic.com/image/thumb/Music6/v4/62/2a/d2/622ad2f7-3d0a-5661-d6e8-749770089a20/source/60x60bb.jpg","http://feeds.feedburner.com/PropellerheadRecordMicroTutorials","Software How-To;Podcasts;Technology"
"398954920","WordPress Plug-ins from A to Z","USA","John Overall & Marcus Couch | WordPress Plugin Podcast | WordPress","http://is5.mzstatic.com/image/thumb/Music62/v4/60/46/d4/6046d46d-c2bf-7088-de81-959eb31b0178/source/60x60bb.jpg","http://www.johnoverall.com/category/podcast-2/feed/","Software How-To;Podcasts;Technology;Podcasting"
"297441866","Talking Twitter","USA","Vanessa Haakenson","http://is2.mzstatic.com/image/thumb/Music4/v4/a4/00/6b/a4006bc9-76af-1882-c7c7-fb6e98b1aecb/source/60x60bb.jpg","http://recordings.talkshoe.com/rss32082.xml","Software How-To;Podcasts;Technology"
"1016143291","UX and Growth Podcast","USA","Austin Knight, Geoff Daigle, Matt Rheault","http://is4.mzstatic.com/image/thumb/Music71/v4/19/79/9b/19799b46-d771-cc36-8906-db4dedc86b38/source/60x60bb.jpg","http://feeds.soundcloud.com/users/soundcloud:users:159345243/sounds.rss","Software How-To;Podcasts;Technology"
"332286232","iGS Development's Podcast","USA","iGS Development","http://is1.mzstatic.com/image/thumb/Music71/v4/e1/25/e5/e125e559-3ce1-4bd8-6177-83a65310e6c3/source/60x60bb.jpg","http://igsdevelopment.podOmatic.com/rss2.xml","Software How-To;Podcasts;Technology"
"451966819","The Agile Revolution","USA","The Agile Revolution","http://is1.mzstatic.com/image/thumb/Music71/v4/76/a5/f0/76a5f0e1-425f-daf4-bd98-c7ec407714c2/source/60x60bb.jpg","http://feeds.feedburner.com/theagilerevolution/fxnY","Software How-To;Podcasts;Technology;Business;Government & Organizations;Management & Marketing;Society & Culture"
"397981256","National Cyber Security By Gregory Evans","USA","National Cyber Security","http://is5.mzstatic.com/image/thumb/Music71/v4/7f/b0/6f/7fb06f9b-b7a2-ee59-fd69-4ebbb81d94ee/source/60x60bb.jpg","http://www.blogtalkradio.com/nationalcybersecurity/podcast","Software How-To;Podcasts;Technology"
"311659560","Photoshop, Camera RAW and Bridge CS4 & CS5","USA","Gary Dates","http://is1.mzstatic.com/image/thumb/Music/v4/99/92/ff/9992ffea-f49c-1452-b4a5-9485cd95bfd2/source/60x60bb.jpg","http://www.garydatesphotos.com/podcasts/gd_photos.xml","Software How-To;Podcasts;Technology"
"305745575","DrupalEasy Podcast","USA","Andrew Riley, Mike Anello, Ryan Price, Ted Bowman, Anna Kalata, Kelley Curry","http://is5.mzstatic.com/image/thumb/Music/v4/a2/79/ec/a279ec0f-7d9d-5dd9-7cf0-2e49472079ea/source/60x60bb.jpg","http://feeds2.feedburner.com/DrupalEasyPodcast","Software How-To;Podcasts;Technology"
"443145462","Tutorial podcast – Pixelmatortutorials.net","USA","PixelmatorTutorials.net","http://is1.mzstatic.com/image/thumb/Music62/v4/97/02/33/970233ac-a4fe-e652-f52a-1784015a4ce2/source/60x60bb.jpg","http://feeds.feedburner.com/Pixelmatortutorialsnet","Software How-To;Podcasts;Technology;Education;Training;Arts;Design"
"262464907","The Foundry Community modcasts","USA","The Foundry","http://is2.mzstatic.com/image/thumb/Music/v4/b1/10/94/b11094cb-9d13-f227-0aee-e2cff39e5c27/source/60x60bb.jpg","http://community.thefoundry.co.uk/modcast/rss.aspx/modcast/rss.aspx","Software How-To;Podcasts;Technology"
"524227383","Visual Studio Toolbox (HD) - Channel 9","USA","Microsoft","http://is4.mzstatic.com/image/thumb/Music4/v4/93/72/57/9372579a-c52e-0171-d232-2a84a7927ede/source/60x60bb.jpg","http://s.ch9.ms/Shows/Visual-Studio-Toolbox/feed/mp4high","Software How-To;Podcasts;Technology"
"423121261","iSee - Using various technologies from a blind persons perspective.","USA","David Woodbridge","http://is3.mzstatic.com/image/thumb/Music6/v4/05/98/b2/0598b205-2dfa-41ce-0aba-4f767b53757d/source/60x60bb.jpg","http://davidwoodbr.podbean.com/feed/","Software How-To;Podcasts;Technology"
"960374773","Style Guide Podcast","USA","Anna Debenham and Brad Frost","http://is2.mzstatic.com/image/thumb/Music71/v4/e9/41/17/e9411769-e0ce-f078-f5eb-08898647e450/source/60x60bb.jpg","http://feeds.soundcloud.com/users/soundcloud:users:134239947/sounds.rss","Software How-To;Podcasts;Technology"
"430679973","GeekRant","USA","Mark Cockrell, Seth Anderson, & Myles Wakeham","http://is3.mzstatic.com/image/thumb/Music71/v4/a0/0a/64/a00a64ec-bd09-efb9-8efa-b24282867fec/source/60x60bb.jpg","http://elementopie.com/feeds/geekrant/feed.xml","Software How-To;Podcasts;Technology;Society & Culture;News & Politics"
"681232605","Build Phase","USA","thoughtbot","http://is1.mzstatic.com/image/thumb/Music71/v4/99/9c/a3/999ca36f-377d-34c1-b361-32fa5b43bb20/source/60x60bb.jpg","https://simplecast.com/podcasts/272/rss","Software How-To;Podcasts;Technology"
"949010155","Core Java Interview Questions Podcast","USA","Sam Atkinson: Java Developer, programmer, geek","http://is5.mzstatic.com/image/thumb/Music62/v4/a1/86/e1/a186e143-1c2c-88c7-4886-4fc532c07f7b/source/60x60bb.jpg","http://corejavainterviewquestions.podbean.com/feed/","Software How-To;Podcasts;Technology"
"963592988","Scrum Master Toolbox Podcast","USA","Vasco Duarte","http://is5.mzstatic.com/image/thumb/Music62/v4/8b/40/33/8b4033ca-6e14-3bf1-43c3-93c3930696a3/source/60x60bb.jpg","http://scrummastertoolbox.libsyn.com/rss","Software How-To;Podcasts;Technology;Education;Training"
"455708244","Final Cut Pro X Tips & Tricks for Video & DSLR Shooters (HD 1080p)","USA","Jerad Hill","http://is4.mzstatic.com/image/thumb/Music4/v4/c2/a7/72/c2a772b1-71fb-b7f6-72fe-b2d13ba51de0/source/60x60bb.jpg","http://feeds.feedburner.com/finalcutprox","Software How-To;Podcasts;Technology"
"1059530816","The Laracasts Snippet","USA","Jeffrey Way","http://is5.mzstatic.com/image/thumb/Music71/v4/7d/de/1d/7dde1d6b-a7e4-e458-8f63-093bee06c2ad/source/60x60bb.jpg","https://simplecast.com/podcasts/1486/rss","Software How-To;Podcasts;Technology;Education"
"998008708","The Broadcast Storm, with Kevin Wallace, CCIEx2 #7945 (R/S and Collaboration)","USA","Kevin Wallace, CCIEx2 #7945 (R/S and Collaboration)","http://is2.mzstatic.com/image/thumb/Music62/v4/fd/29/2a/fd292add-b6a1-af36-7587-0f14d05dc0da/source/60x60bb.jpg","http://thebroadcaststorm.libsyn.com/rss","Software How-To;Podcasts;Technology"
"189168600","The Linux Install Podcast","USA","Ed LaBonte, Ben Cheever","http://is5.mzstatic.com/image/thumb/Music6/v4/00/83/44/008344f6-7d9f-2031-39c1-107020839411/source/60x60bb.jpg","http://thelip.net/lipmp3.xml","Software How-To;Podcasts;Technology"
"549367028","This Agile Life","USA","John Sextro","http://is1.mzstatic.com/image/thumb/Music62/v4/42/e2/99/42e2997a-77af-2f98-c5c3-f7cdd99d7523/source/60x60bb.jpg","http://feeds.feedburner.com/thisagilelife/podcast","Software How-To;Podcasts;Technology"
"790455326","Functional Geekery","USA","Proctor","http://is4.mzstatic.com/image/thumb/Music62/v4/07/b3/b9/07b3b984-1778-4997-9206-aa9ee74076db/source/60x60bb.jpg","https://www.functionalgeekery.com/feed/mp3/","Software How-To;Podcasts;Technology"
"1163023878","Greater Than Code","USA","Greater Than Code","http://is5.mzstatic.com/image/thumb/Music111/v4/37/0a/ce/370ace36-01a6-f880-1746-9c4ac17cdbc7/source/60x60bb.jpg","http://greaterthancode.com/feed/podcast/episodes","Software How-To;Podcasts;Technology;Society & Culture;Business"
"218705732","Ghost Productions Medical Animation","USA","www.ghostproductions.com","http://is4.mzstatic.com/image/thumb/Music4/v4/37/36/ff/3736ffb6-4197-e6ff-0a8a-cee9bec033c7/source/60x60bb.jpg","http://feeds.feedburner.com/GhostCasts","Software How-To;Podcasts;Technology"
"1019074514","The Debug Log","USA","thedebuglog.com","http://is2.mzstatic.com/image/thumb/Music62/v4/1f/c3/0c/1fc30ce1-d7eb-5abd-1e9e-43da00f858f9/source/60x60bb.jpg","https://simplecast.com/podcasts/1252/rss","Software How-To;Podcasts;Technology;Games & Hobbies;Video Games;Arts;Visual Arts"
"373016482","Lately in PHP podcast","USA","Unknown","http://is2.mzstatic.com/image/thumb/Music/v4/f8/c4/19/f8c41984-4197-09a7-c694-d5acf0011568/source/60x60bb.jpg","https://www.phpclasses.org/blog/category/podcast/post/latest.rss","Software How-To;Podcasts;Technology"
"1107734269","TWiP Apps","USA","This Week in Photo","http://is4.mzstatic.com/image/thumb/Music62/v4/4e/c2/89/4ec289e1-67a7-a2c7-ed62-fafd4033cd87/source/60x60bb.jpg","http://thisweekinphoto.com/category/twip-apps/feed/","Software How-To;Podcasts;Technology;Arts;Visual Arts;Education;Training"
"263512491","Best-Practice-Software-Engineering","USA","Alexander Schatten","http://is5.mzstatic.com/image/thumb/Music/v4/62/f8/ce/62f8ce59-183c-f7fc-0600-cb45364e792b/source/60x60bb.jpg","http://feeds.feedburner.com/best-practice-software-engineering-podcast","Software How-To;Podcasts;Technology"
"907987517","SQL Server Radio","USA","Matan Yungman, Guy Glantser","http://is5.mzstatic.com/image/thumb/Music71/v4/c6/bf/7e/c6bf7e3e-6c9a-9368-d9db-3f9748ca79bf/source/60x60bb.jpg","http://www.sqlserverradio.com/feed/podcast/","Software How-To;Podcasts;Technology;Tech News"
"401615933","Javascript 4 U","USA","James Robertson","http://is5.mzstatic.com/image/thumb/Music/v4/f7/15/71/f7157129-4b63-d0b5-be46-20008b92f228/source/60x60bb.jpg","http://www.jarober.com/rss/blog_js4u.xml","Software How-To;Podcasts;Technology"
"286899256","get-scripting","USA","noreply@blogger.com (Jonathan Medd)","http://is2.mzstatic.com/image/thumb/Music6/v4/d5/4f/53/d54f5329-1f6b-b5dd-0a49-8686d3feb84f/source/60x60bb.jpg","http://feeds.feedburner.com/Get-scripting","Software How-To;Podcasts;Technology"
"1033688462","The Stack Overflow Podcast","USA","The Stack Overflow Team","http://is2.mzstatic.com/image/thumb/Music71/v4/4b/5a/56/4b5a5634-acf7-ace0-6992-1046cae05a1b/source/60x60bb.jpg","http://blog.stackoverflow.com/feed/podcast/","Software How-To;Podcasts;Technology;Podcasting;Business"
"307098406","Scrum For Success","USA","Paul Klipp and Andy Brandt","http://is5.mzstatic.com/image/thumb/Music/v4/3b/5e/eb/3b5eeb48-775e-c34d-6bfe-5824f1b9ee7d/source/60x60bb.jpg","http://paulklipp.com/scrumforsuccess/feed.xml","Software How-To;Podcasts;Technology"
"554926082","iOhYes","USA","5by5","http://is3.mzstatic.com/image/thumb/Music62/v4/c9/86/9b/c9869b04-f55c-4bc8-1d9e-6b1ffb9b81fc/source/60x60bb.jpg","http://feeds.5by5.tv/iohyes","Software How-To;Podcasts;Technology"
"396032722","Lately in JavaScript podcast","USA","Unknown","http://is2.mzstatic.com/image/thumb/Music/v4/a6/e3/3e/a6e33e32-52e2-a6f9-0948-aa3fcbbcacf4/source/60x60bb.jpg","http://www.jsclasses.org/blog/category/podcast/post/latest.rss","Software How-To;Podcasts;Technology"
"210269423","The DV Show","USA","brian@thedvshow.com","http://is2.mzstatic.com/image/thumb/Music4/v4/eb/5c/38/eb5c382c-dc10-cc39-b66b-3852a98fe9c0/source/60x60bb.jpg","http://feeds.feedburner.com/DvShowVidcast","Software How-To;Podcasts;Technology"
"687578774","Blender Guru","USA","Andrew Price","http://is1.mzstatic.com/image/thumb/Music/v4/21/6d/80/216d80ec-ce60-8bca-be37-bd3388dbab31/source/60x60bb.jpg","http://feeds.soundcloud.com/users/soundcloud:users:10767416/sounds.rss","Software How-To;Podcasts;Technology"
"182745508","Library Geeks","USA","Dan Chudnov","http://is5.mzstatic.com/image/thumb/Music/v4/87/32/56/873256f4-7362-dc01-4f05-f773c772da6a/source/60x60bb.jpg","http://feeds.feedburner.com/librarygeeks","Software How-To;Podcasts;Technology;Education;Educational Technology"
"286556188","Dreamweaver Thursdays (TV)","USA","John W Chambers","http://is5.mzstatic.com/image/thumb/Music/v4/c9/23/b4/c923b4dd-def5-77d1-d977-7b1dd4050788/source/60x60bb.jpg","http://www.oneminutetip.com/dreamweaver_tv.xml","Software How-To;Podcasts;Technology;Education;Training"
"339995275","One Minute Tips' Google Voice Podcast","USA","John W Chambers","http://is3.mzstatic.com/image/thumb/Music/v4/50/97/62/50976298-a84d-cc8f-acb3-dbf29d849cd7/source/60x60bb.jpg","http://www.oneminutetip.com/googlevoice.xml","Software How-To;Podcasts;Technology;Tech News;Education"
"428430907","Rails Coach","USA","Charles Max Wood","http://is5.mzstatic.com/image/thumb/Music4/v4/57/58/63/575863b3-0798-4842-0dd3-733baf5ca547/source/60x60bb.jpg","https://feeds.feedwrench.com/RailsCoach.rss","Software How-To;Podcasts;Technology"
"276314770","pixel8 :: what makes great user experiences?","USA","show@getpixel8ed.com (pixel8 show email)","http://is2.mzstatic.com/image/thumb/Music4/v4/a7/60/0a/a7600a20-875f-e6ee-0ad3-e70d573149b2/source/60x60bb.jpg","http://feeds.feedburner.com/Pixel8","Software How-To;Podcasts;Technology"
"547318723","TechNet Radio (Audio) - Channel 9","USA","Microsoft","http://is3.mzstatic.com/image/thumb/Music6/v4/4b/ec/c7/4becc724-a08f-dc65-30b7-9651c67877d2/source/60x60bb.jpg","http://s.ch9.ms/Shows/TechNet+Radio/feed/mp3","Software How-To;Podcasts;Technology"
"252333772","VoIP & Tell (http://vuc.me)","USA","@VoipUsers","http://is3.mzstatic.com/image/thumb/Music/v4/03/73/03/03730318-5b2b-03e7-1b9e-036bb078ebb4/source/60x60bb.jpg","http://recordings.talkshoe.com/rss22622.xml","Software How-To;Podcasts;Technology"
"304558357","Martini Hour","USA","Deke McClelland and Colleen Wheeler","http://is4.mzstatic.com/image/thumb/Music/v4/10/f8/16/10f816f6-c8ca-e13a-ad80-0645430577db/source/60x60bb.jpg","http://www.deke.com/files/files/Martini_hour.xml","Software How-To;Podcasts;Technology"
"219306087","Final Cut Studio : legacy episodes","USA","philip r. mozolak","http://is2.mzstatic.com/image/thumb/Music/v4/ce/b8/6a/ceb86a07-68c7-25d8-e122-5193263fce25/source/60x60bb.jpg","http://feeds.feedburner.com/Mozestudio","Software How-To;Podcasts;Technology"
"340500884","yayQuery (audio only)","USA","Paul Irish, Rebecca Murphey, Alex Sexton, Adam Sontag","http://is2.mzstatic.com/image/thumb/Music/v4/73/f5/38/73f5382e-f840-7a0f-33fe-78d85df6deda/source/60x60bb.jpg","http://feeds.feedburner.com/yayQuery_audio","Software How-To;Podcasts;Technology"
"446900959","CTRL+CLICK CAST","USA","Lea Alcantara and Emily Lewis","http://is5.mzstatic.com/image/thumb/Music71/v4/d7/0b/80/d70b80ac-4a40-a4dc-a4ee-065e23125331/source/60x60bb.jpg","http://feeds.feedburner.com/ctrlclickcast","Software How-To;Podcasts;Technology"
"489840699","/dev/hell","USA","Chris Hartjes and Ed Finkler","http://is4.mzstatic.com/image/thumb/Music62/v4/38/e7/30/38e7302c-12ad-8ad9-4053-30ef66531da2/source/60x60bb.jpg","http://feeds.feedburner.com/devhell-podcast","Software How-To;Podcasts;Technology"
"273573523","Jerad Hill's Photo & Web Tutorials","USA","Jerad Hill Photographer","http://is5.mzstatic.com/image/thumb/Music6/v4/00/83/44/008344f6-7d9f-2031-39c1-107020839411/source/60x60bb.jpg","http://feeds.feedburner.com/jeradhillstudioshdtutorials","Software How-To;Podcasts;Technology;Education;Training;Arts;Design"
"259715271","gspn.tv - Help I Got A Mac","USA","Cliff J. Ravenscraft","http://is2.mzstatic.com/image/thumb/Music4/v4/a1/a0/66/a1a06680-bb0b-f06d-b9a6-1d29a31a4d6b/source/60x60bb.jpg","http://feeds.feedburner.com/helpigotamac","Software How-To;Podcasts;Technology"
"289530738","VoiceOver Getting Started for Mac OS X v10.5 Leopard","USA","Apple Inc.","http://is2.mzstatic.com/image/thumb/Music/v4/fa/28/b6/fa28b69b-fed9-97c3-48fa-bdd9dbed95b1/source/60x60bb.jpg","http://www.apple.com/podcasts/voiceover-leopard/voiceover_leopard.xml","Software How-To;Podcasts;Technology"
"283348944","Mustardseed Media Video Podcast","USA","Mustardseed Media, Inc.","http://is5.mzstatic.com/image/thumb/Music6/v4/00/83/44/008344f6-7d9f-2031-39c1-107020839411/source/60x60bb.jpg","http://feeds.feedburner.com/Mustardseed-HD","Software How-To;Podc
